,artist,date.entered,rank,time,track,week,year
0,'2Ge+her','2000-09-02',91.0,'3:15','The Hardest Part Of ...','wk1',2000
1,'2 Pac','2000-02-26',87.0,'4:22',"""Baby Don't Cry""",'wk1',2000
2,'3 Doors Down','2000-04-08',81.0,'3:53','Kryptonite','wk1',2000
3,'3 Doors Down','2000-10-21',76.0,'4:24','Loser','wk1',2000
4,'504 Boyz','2000-04-15',57.0,'3:35','Wobble Wobble','wk1',2000
5,'98?','2000-08-19',51.0,'3:24','Give Me Just One Nig...','wk1',2000
6,'Aaliyah','2000-01-29',84.0,'4:15',"""I Don't Wanna""",'wk1',2000
7,'Aaliyah','2000-03-18',59.0,'4:03','Try Again','wk1',2000
8,"'Adams, Yolanda'",'2000-08-26',76.0,'5:30','Open My Heart','wk1',2000
9,"'Adkins, Trace'",'2000-04-29',84.0,'3:05','More','wk1',2000
10,"'Aguilera, Christina'",'2000-08-05',57.0,'3:38','Come On Over Baby','wk1',2000
11,"'Aguilera, Christina'",'2000-04-15',50.0,'4:00','I Turn To You','wk1',2000
12,"'Aguilera, Christina'",'1999-11-27',71.0,'3:18','What A Girl Wants','wk1',2000
13,'Alice Deejay','2000-04-08',79.0,'6:50','Better Off Alone','wk1',2000
14,"'Allan, Gary'",'2000-01-22',80.0,'4:18','Smoke Rings In The D...','wk1',2000
15,'Amber','1999-07-17',99.0,'4:38','Sexual','wk1',2000
16,'Anastacia','2000-04-01',92.0,'4:01',"""I'm Outta Love""",'wk1',2000
17,"'Anthony, Marc'",'2000-09-16',82.0,'3:59','My Baby You','wk1',2000
18,"'Anthony, Marc'",'2000-02-26',77.0,'3:50','You Sang To Me','wk1',2000
19,'A*Teens','2000-07-08',97.0,'3:44','Dancing Queen','wk1',2000
20,'Avant','2000-11-04',70.0,'4:28','My First Love','wk1',2000
21,'Avant','2000-04-29',62.0,'4:13','Separated','wk1',2000
22,"'Backstreet Boys, The'",'2000-10-14',39.0,'3:49','Shape Of My Heart','wk1',2000
23,"'Backstreet Boys, The'",'2000-01-01',74.0,'3:54','Show Me The Meaning ...','wk1',2000
24,"'Backstreet Boys, The'",'2000-05-27',58.0,'3:46','The One','wk1',2000
25,"'Badu, Erkyah'",'2000-08-19',67.0,'5:03','Bag Lady','wk1',2000
26,'Baha Men','2000-07-22',99.0,'3:17','Who Let The Dogs Out','wk1',2000
27,'Barenaked Ladies','2000-09-09',77.0,'3:46','Pinch Me','wk1',2000
28,'BBMak','2000-04-29',99.0,'3:35','Back Here','wk1',2000
29,'Beenie Man','2000-10-21',72.0,'4:17','Girls Dem Sugar','wk1',2000
30,'Before Dark','2000-05-20',95.0,'4:04','Monica','wk1',2000
31,"'Bega, Lou'",'2000-01-29',75.0,'3:23','Tricky Tricky ','wk1',2000
32,'Big Punisher','2000-04-22',96.0,'3:25',"""It's So Hard""",'wk1',2000
33,"'Black, Clint'",'2000-02-19',87.0,'5:28','Been There','wk1',2000
34,'Black Rob','2000-03-04',78.0,'4:04','Whoa!','wk1',2000
35,'Blaque','1999-10-23',73.0,'3:46','Bring It All To Me','wk1',2000
36,"'Blige, Mary J.'",'1999-11-13',83.0,'5:26','Deep Inside','wk1',2000
37,"'Blige, Mary J.'",'2000-04-15',97.0,'5:00','Give Me You','wk1',2000
38,'Blink-182','1999-12-04',89.0,'2:52','All The Small Things','wk1',2000
39,'Bloodhound Gang','2000-03-18',70.0,'4:20','The Bad Touch','wk1',2000
40,'Bon Jovi','2000-08-12',64.0,'3:44',"""It's My Life""",'wk1',2000
41,"'Braxton, Toni'",'2000-03-18',63.0,'4:21',"""He Wasn't Man Enough""",'wk1',2000
42,"'Braxton, Toni'",'2000-07-29',76.0,'4:10','Just Be A Man About ...','wk1',2000
43,"'Braxton, Toni'",'2000-12-02',98.0,'4:24','Spanish Guitar','wk1',2000
44,"'Brock, Chad'",'2000-01-01',93.0,'3:54','A Country Boy Can Su...','wk1',2000
45,"'Brock, Chad'",'2000-04-08',90.0,'3:22','Yes!','wk1',2000
46,'Brooks & Dunn','2000-06-10',95.0,'2:58',"""You'll Always Be Lov...""",'wk1',2000
47,"'Brooks, Garth'",'2000-02-19',86.0,'2:56','Do What You Gotta Do','wk1',2000
48,"'Byrd, Tracy'",'2000-01-29',81.0,'4:30','Put Your Hand In Min...','wk1',2000
49,"'Cagle, Chris'",'2000-10-21',99.0,'3:02','My Love Goes On And ...','wk1',2000
50,"""Cam'ron""",'2000-10-14',94.0,'4:38','What Means The World...','wk1',2000
51,"'Carey, Mariah'",'2000-06-24',28.0,'5:19','Crybaby','wk1',2000
52,"'Carey, Mariah'",'1999-12-11',82.0,'4:14','Thank God I Found Yo...','wk1',2000
53,"'Carter, Aaron'",'2000-08-26',99.0,'3:23',"""Aaron's Party""",'wk1',2000
54,"'Carter, Torrey'",'2000-06-24',94.0,'3:43','Take That','wk1',2000
55,'Changing Faces','2000-09-30',80.0,'4:00','That Other Woman','wk1',2000
56,"'Chesney, Kenny'",'2000-10-21',75.0,'3:54','I Lost It','wk1',2000
57,"'Chesney, Kenny'",'2000-04-01',79.0,'4:05','What I Need To Do','wk1',2000
58,'Clark Family Experience','2000-11-18',87.0,'2:56','Meanwhile Back At Th...','wk1',2000
59,"'Clark, Terri'",'2000-12-16',75.0,'3:07','A Little Gasoline','wk1',2000
60,'Common','2000-08-05',75.0,'3:55','The Light','wk1',2000
61,'Counting Crows','1999-11-06',84.0,'4:07','Hanginaround','wk1',2000
62,'Creed','1999-09-11',81.0,'5:16','Higher','wk1',2000
63,'Creed','2000-05-13',84.0,'3:52','With Arms Wide Open','wk1',2000
64,"'Cyrus, Billy Ray'",'2000-09-23',97.0,'3:45',"""You Won't Be Lonely ...""",'wk1',2000
65,'Da Brat','2000-02-26',93.0,'3:44',"""That's What I'm Look...""",'wk1',2000
66,'Da Brat','2000-06-03',71.0,'3:57',"""What'Chu Like""",'wk1',2000
67,"""D'Angelo""",'1999-12-11',93.0,'4:35','Left & Right','wk1',2000
68,"""D'Angelo""",'2000-01-22',77.0,'7:10','Untitled','wk1',2000
69,"'Davidson, Clay'",'2000-03-25',97.0,'3:56','Unconditional','wk1',2000
70,'De La Soul','2000-12-23',96.0,'5:02','All Good?','wk1',2000
71,"""Destiny's Child""",'2000-09-23',78.0,'3:38','Independent Women Pa...','wk1',2000
72,"""Destiny's Child""",'2000-05-13',74.0,'3:48',"""Jumpin' Jumpin'""",'wk1',2000
73,"""Destiny's Child""",'1999-12-25',83.0,'4:31','Say My Name','wk1',2000
74,"'Diffie, Joe'",'2000-08-12',81.0,'2:55',"""It's Always Somethin...""",'wk1',2000
75,"'Diffie, Joe'",'2000-01-01',98.0,'3:23',"""The Quittin' Kind""",'wk1',2000
76,"'Dion, Celine'",'1999-11-13',74.0,'4:03',"""That's The Way It Is""",'wk1',2000
77,"'Dixie Chicks, The'",'2000-06-24',80.0,'5:12','Cold Day In July','wk1',2000
78,"'Dixie Chicks, The'",'1999-11-27',79.0,'4:51','Cowboy Take Me Away','wk1',2000
79,"'Dixie Chicks, The'",'2000-03-18',40.0,'4:19','Goodbye Earl','wk1',2000
80,"'Dixie Chicks, The'",'2000-10-07',80.0,'3:32','Without You','wk1',2000
81,'DMX','2000-02-26',88.0,'3:45','Party Up','wk1',2000
82,'DMX','2000-01-15',98.0,'3:50',"""What's My Name""",'wk1',2000
83,'DMX','2000-07-01',98.0,'4:05','What You Want','wk1',2000
84,'Drama','2000-02-12',100.0,'3:37',"'Left, Right, Left'",'wk1',2000
85,'Dr. Dre','2000-01-22',75.0,'3:42','Forgot About Dre','wk1',2000
86,'Dr. Dre','2000-05-27',78.0,'2:38','The Next Episode','wk1',2000
87,'Dream','2000-09-30',99.0,'3:43','He Loves U Not','wk1',2000
88,"'Eastsidaz, The'",'2000-01-08',77.0,'4:27',"""G'D Up""",'wk1',2000
89,"'Eastsidaz, The'",'2000-07-01',99.0,'3:58','Got Beef','wk1',2000
90,'Eiffel 65','1999-12-11',67.0,'3:29','Blue','wk1',2000
91,"'Elliott, Missy ""Misdemeanor""'",'1999-11-27',36.0,'3:51','Hot Boyz','wk1',2000
92,'Eminem','2000-11-04',78.0,'5:26','Stan','wk1',2000
93,'Eminem','2000-05-06',70.0,'4:42','The Real Slim Shady','wk1',2000
94,'Eminem','2000-08-26',87.0,'4:40','The Way I Am','wk1',2000
95,'En Vogue','2000-06-17',92.0,'5:10','Riddle','wk1',2000
96,"'Estefan, Gloria'",'2000-06-10',77.0,'3:25','No Me Dejes De Quere...','wk1',2000
97,"'Evans, Sara'",'2000-10-21',77.0,'5:36','Born To Fly','wk1',2000
98,'Eve','2000-07-15',89.0,'3:48','Got It All','wk1',2000
99,'Eve','2000-01-08',94.0,'3:51','Love Is Blind','wk1',2000
100,'Everclear','2000-07-08',77.0,'4:30','Wonderful','wk1',2000
101,"'Fabian, Lara'",'2000-06-10',91.0,'3:43','I Will Love Again','wk1',2000
102,'Fatboy Slim','1999-11-13',94.0,'4:00','The Rockafeller Skan...','wk1',2000
103,'Filter','1999-11-27',91.0,'4:23','Take A Picture','wk1',2000
104,'Foo Fighters','1999-10-16',80.0,'3:55','Learn To Fly','wk1',2000
105,'Fragma','2000-10-28',99.0,'3:22',"""Toca's Miracle""",'wk1',2000
106,'Funkmaster Flex','2000-11-11',92.0,'4:14','Do You','wk1',2000
107,'Ghostface Killah','2000-08-05',98.0,'3:04','Cherchez LaGhost','wk1',2000
108,"'Gill, Vince'",'2000-09-02',82.0,'4:13','Feels Like Love','wk1',2000
109,"'Gilman, Billy'",'2000-06-17',86.0,'4:07','One Voice','wk1',2000
110,'Ginuwine','1999-12-11',94.0,'4:12','None Of Ur Friends B...','wk1',2000
111,'Ginuwine','2000-01-08',97.0,'4:06','The Best Man I Can B...','wk1',2000
112,'Goo Goo Dolls','2000-04-22',74.0,'3:54','Broadway','wk1',2000
113,"'Gray, Macy'",'2000-02-19',68.0,'3:52','I Try','wk1',2000
114,"'Griggs, Andy'",'2000-03-11',81.0,'3:19',"""She's More""",'wk1',2000
115,'Guy','1999-12-18',46.0,'4:08',"""Dancin'""",'wk1',2000
116,'Hanson','2000-04-22',22.0,'4:14','This Time Around','wk1',2000
117,"'Hart, Beth'",'1999-11-27',99.0,'3:47','L.A. Song','wk1',2000
118,"'Heatherly, Eric'",'2000-04-29',95.0,'3:16','Flowers On The Wall','wk1',2000
119,"'Henley, Don'",'2000-06-24',79.0,'4:08','Taking You Home','wk1',2000
120,"'Herndon, Ty'",'2000-03-18',100.0,'4:43','No Mercy','wk1',2000
121,"'Hill, Faith'",'1999-11-06',81.0,'4:04','Breathe','wk1',2000
122,"'Hill, Faith'",'2000-08-12',83.0,'4:11',"""Let's Make Love""",'wk1',2000
123,'Hoku','2000-02-19',69.0,'3:47','Another Dumb Blonde','wk1',2000
124,"'Hollister, Dave'",'2000-03-25',84.0,'6:17',"""Can't Stay""",'wk1',2000
125,'Hot Boys','2000-02-19',77.0,'4:16','I Need A Hot Girl','wk1',2000
126,"'Houston, Whitney'",'2000-06-17',74.0,'3:54','Could I Have This Ki...','wk1',2000
127,"'Houston, Whitney'",'2000-02-19',83.0,'4:18','I Learned From The B...','wk1',2000
128,"'Houston, Whitney'",'1999-09-04',81.0,'4:16','My Love Is Your Love','wk1',2000
129,"'Houston, Whitney'",'2000-06-17',71.0,'4:45',"'Same Script, Differe...'",'wk1',2000
130,'Ice Cube','1999-12-04',86.0,'4:20','You Can Do It','wk1',2000
131,'Ideal','2000-06-10',75.0,'3:48','Whatever','wk1',2000
132,"'Iglesias, Enrique'",'2000-04-01',63.0,'3:36','Be With You','wk1',2000
133,"'Iglesias, Enrique'",'1999-12-04',90.0,'7:35','Rhythm Divine','wk1',2000
134,'IMx','1999-10-09',84.0,'3:37','Stay The Night','wk1',2000
135,"'Jackson, Alan'",'2000-06-24',76.0,'2:53','It Must Be Love','wk1',2000
136,"'Jackson, Alan'",'1999-11-13',79.0,'3:04','Pop A Top','wk1',2000
137,"'Jackson, Alan'",'2000-11-04',75.0,'2:36','www.memory','wk1',2000
138,'Jagged Edge','1999-12-11',54.0,'3:30',"""He Can't Love U""",'wk1',2000
139,'Jagged Edge','2000-05-06',77.0,'4:23',"""Let's Get Married""",'wk1',2000
140,'Janet','2000-06-17',59.0,'4:17',"""Doesn't Really Matte...""",'wk1',2000
141,'Ja Rule','2000-09-16',85.0,'4:05','Between Me And You','wk1',2000
142,'Jay-Z','2000-02-26',72.0,'3:41','Anything','wk1',2000
143,'Jay-Z','2000-04-22',69.0,'3:55',"""Big Pimpin'""",'wk1',2000
144,'Jay-Z','2000-01-15',95.0,'3:47','Do It Again','wk1',2000
145,'Jay-Z','2000-08-12',98.0,'3:40','Hey Papi','wk1',2000
146,'Jay-Z','2000-10-28',58.0,'3:50','I Just Wanna Love U','wk1',2000
147,"'Jean, Wyclef'",'2000-10-07',77.0,'4:00','911','wk1',2000
148,'Joe','2000-01-01',94.0,'4:57','I Wanna Know','wk1',2000
149,'Joe','2000-08-05',77.0,'4:12','Treat Her Like A Lad...','wk1',2000
150,"'John, Elton'",'2000-04-22',56.0,'4:41','Someday Out Of The B...','wk1',2000
151,"'Jones, Donell'",'2000-04-22',81.0,'6:22','Where I Wanna Be','wk1',2000
152,"'Jordan, Montell'",'1999-10-23',92.0,'4:34','Get It On.. Tonite','wk1',2000
153,'J-Shin','1999-12-25',96.0,'4:34','One Night Stand','wk1',2000
154,'Juvenile','2000-02-05',85.0,'3:51','U Understand','wk1',2000
155,'Kandi','2000-08-05',66.0,'3:50',"""Don't Think I'm Not""",'wk1',2000
156,"'Keith, Toby'",'2000-08-05',82.0,'3:39','Country Comes To Tow...','wk1',2000
157,"'Keith, Toby'",'2000-01-29',77.0,'3:29','How Do You Like Me N...','wk1',2000
158,'Kelis','1999-12-04',84.0,'4:09','Caught Out There','wk1',2000
159,'Kenny G','1999-12-25',89.0,'7:50','Auld Lang Syne','wk1',2000
160,'Kid Rock','2000-02-19',63.0,'5:27','Only God Knows Why','wk1',2000
161,"'Kravitz, Lenny'",'2000-03-25',78.0,'4:17','I Belong To You','wk1',2000
162,'Kumbia Kings','2000-03-04',81.0,'3:50',"""U Don't Love Me""",'wk1',2000
163,"'Larrieux, Amel'",'2000-03-04',100.0,'4:02','Get Up','wk1',2000
164,"'Lawrence, Tracy'",'2000-01-29',80.0,'2:55','Lessons Learned','wk1',2000
165,"'Levert, Gerald'",'2000-08-19',96.0,'4:10','Baby U Are','wk1',2000
166,"'Levert, Gerald'",'2000-03-18',84.0,'4:06','Mr. Too Damn Good','wk1',2000
167,'LFO','2000-04-15',63.0,'5:00',"""I Don't Wanna Kiss Y...""",'wk1',2000
168,'LFO','2000-08-05',96.0,'3:27','West Side Story','wk1',2000
169,'Lil Bow Wow','2000-08-19',48.0,'3:22','Bounce With Me','wk1',2000
170,"""Lil' Kim""",'2000-11-25',79.0,'3:50','How Many Licks?','wk1',2000
171,"""Lil' Kim""",'2000-07-15',80.0,'4:12','No Matter What They ...','wk1',2000
172,"""Lil' Mo""",'2000-08-12',100.0,'4:17','Ta Da','wk1',2000
173,'Lil Wayne','1999-12-04',99.0,'4:13','Tha Block Is Hot','wk1',2000
174,"""Lil' Zane""",'2000-07-29',83.0,'3:43',"""Callin' Me""",'wk1',2000
175,'Limp Bizkit','1999-12-04',94.0,'3:55','N 2 Gether Now','wk1',2000
176,'Limp Bizkit','1999-12-04',91.0,'4:08','Re-Arranged','wk1',2000
177,'Limp Bizkit','2000-11-11',77.0,'4:04',"""Rollin'""",'wk1',2000
178,'LL Cool J','2000-08-12',99.0,'4:00','Imagine That','wk1',2000
179,'Lonestar','1999-06-05',81.0,'4:25','Amazed','wk1',2000
180,'Lonestar','1999-12-18',89.0,'3:33','Smile','wk1',2000
181,'Lonestar','2000-06-10',78.0,'3:30','What About Now','wk1',2000
182,"'Lopez, Jennifer'",'2000-02-19',79.0,'4:28',"""Feelin' Good""",'wk1',2000
183,"'Loveless, Patty'",'2000-09-16',98.0,'3:27',"""That's The Kind Of M...""",'wk1',2000
184,'Lox','2000-03-18',86.0,'3:56',"'Ryde or Die, Chick'",'wk1',2000
185,'Lucy Pearl','2000-05-20',80.0,'3:45','Dance Tonight','wk1',2000
186,'Ludacris','2000-09-30',89.0,'4:16',"""What's Your Fantasy""",'wk1',2000
187,'M2M','1999-11-20',72.0,'3:41',"""Don't Say You Love M...""",'wk1',2000
188,'M2M','2000-04-01',87.0,'3:19','Mirror Mirror','wk1',2000
189,'Madison Avenue','2000-07-08',98.0,'3:44',"""Don't Call Me Baby""",'wk1',2000
190,'Madonna','2000-02-19',43.0,'4:30','American Pie','wk1',2000
191,'Madonna','2000-08-12',41.0,'3:45','Music','wk1',2000
192,"'Martin, Ricky'",'2000-03-11',76.0,'4:02','Private Emotion','wk1',2000
193,"'Martin, Ricky'",'1999-11-20',74.0,'3:08','Shake Your Bon-Bon','wk1',2000
194,"'Martin, Ricky'",'2000-10-07',38.0,'4:02','She Bangs','wk1',2000
195,'Mary Mary','2000-03-25',90.0,'3:12','Shackles','wk1',2000
196,'Master P','2000-11-18',98.0,'3:33','Souljas','wk1',2000
197,'matchbox twenty','2000-04-29',60.0,'4:12','Bent','wk1',2000
198,"'McBride, Martina'",'2000-02-05',79.0,'5:13',"""Love's The Only Hous...""",'wk1',2000
199,"'McBride, Martina'",'2000-09-09',79.0,'3:26','There You Are','wk1',2000
200,"'McEntire, Reba'",'2000-05-13',89.0,'4:23',"""I'll Be""",'wk1',2000
201,"'McEntire, Reba'",'1999-10-30',88.0,'3:26','What Do You Say','wk1',2000
202,"'McGraw, Tim'",'1999-11-27',85.0,'4:33','My Best Friend','wk1',2000
203,"'McGraw, Tim'",'2000-10-21',73.0,'3:37','My Next Thirty Years','wk1',2000
204,"'McGraw, Tim'",'2000-05-13',76.0,'3:56','Some Things Never Ch...','wk1',2000
205,"'McKnight, Brian'",'2000-02-26',95.0,'4:32','Stay Or Let It Go','wk1',2000
206,"'Messina, Jo Dee'",'2000-01-29',83.0,'3:50','Because You Love Me','wk1',2000
207,"'Messina, Jo Dee'",'2000-06-24',78.0,'3:17',"""That's The Way""",'wk1',2000
208,'Metallica','2000-05-13',86.0,'4:26','I Disappear','wk1',2000
209,'Metallica','2000-02-12',86.0,'5:43','No Leaf Clover','wk1',2000
210,'Montgomery Gentry','2000-03-04',87.0,'4:18',"""Daddy Won't Sell The...""",'wk1',2000
211,"'Montgomery, John Michael'",'2000-09-09',81.0,'3:52','The Little Girl','wk1',2000
212,"'Moore, Chante'",'2000-10-28',98.0,'3:40','Straight Up','wk1',2000
213,"'Moore, Mandy'",'2000-06-17',69.0,'4:12','I Wanna Be With You','wk1',2000
214,"'Mumba, Samantha'",'2000-09-09',85.0,'3:19','Gotta Tell You','wk1',2000
215,'Musiq','2000-10-14',89.0,'4:02','Just Friends','wk1',2000
216,'Mya','2000-08-19',72.0,'3:50','Case Of The Ex','wk1',2000
217,'Mya','2000-04-15',85.0,'4:12','The Best Of Me','wk1',2000
218,'Mystikal','2000-08-12',97.0,'4:46','Shake Ya Ass','wk1',2000
219,'Nas','2000-03-25',74.0,'3:51','You Owe Me','wk1',2000
220,'Nelly','2000-04-29',100.0,'4:17','(Hot S**t) Country G...','wk1',2000
221,'Next','2000-05-27',85.0,'4:03','Wifey','wk1',2000
222,'Nine Days','2000-05-06',85.0,'3:09','Absolutely','wk1',2000
223,'Nine Days','2000-12-02',68.0,'4:18','If I Am','wk1',2000
224,'No Doubt','2000-07-01',50.0,'4:11','Simple Kind Of Life','wk1',2000
225,"""N'Sync""",'2000-01-29',42.0,'3:15','Bye Bye Bye','wk1',2000
226,"""N'Sync""",'2000-05-06',82.0,'3:10',"""It's Gonna Be Me""",'wk1',2000
227,"""N'Sync""",'2000-09-30',68.0,'4:23','This I Promise You','wk1',2000
228,'Nu Flavor','2000-06-03',97.0,'3:54','3 Little Words','wk1',2000
229,"'Offspring, The'",'2000-11-25',74.0,'3:42','Original Prankster','wk1',2000
230,"'Paisley, Brad'",'2000-05-13',87.0,'3:19','Me Neither','wk1',2000
231,"'Paisley, Brad'",'2000-10-14',71.0,'3:45','We Danced','wk1',2000
232,'Papa Roach','2000-07-29',75.0,'3:19','Last Resort','wk1',2000
233,'Pearl Jam','2000-05-13',49.0,'5:20','Nothing As It Seems','wk1',2000
234,'Pink','2000-08-12',85.0,'4:06','Most Girls','wk1',2000
235,'Pink','2000-03-04',25.0,'3:23','There U Go','wk1',2000
236,"'Price, Kelly'",'2000-07-15',82.0,'6:20','As We Lay','wk1',2000
237,"'Price, Kelly'",'2000-05-13',92.0,'3:46','Love Sets You Free','wk1',2000
238,"'Price, Kelly'",'2000-09-23',91.0,'3:12',"""You Should've Told M...""",'wk1',2000
239,'Profyle','2000-09-16',52.0,'3:57','Liar','wk1',2000
240,'Puff Daddy','2000-02-12',65.0,'5:33','Best Friend','wk1',2000
241,'Q-Tip','2000-01-22',71.0,'4:06','Breathe And Stop','wk1',2000
242,'Rascal Flatts','2000-05-06',87.0,'3:36',"""Prayin' For Daylight""",'wk1',2000
243,"'Raye, Collin'",'2000-03-18',91.0,'3:40',"""Couldn't Last A Mome...""",'wk1',2000
244,'Red Hot Chili Peppers','2000-07-29',72.0,'5:21','Californication','wk1',2000
245,'Red Hot Chili Peppers','2000-02-12',80.0,'4:13','Otherside','wk1',2000
246,'R.E.M.','1999-12-25',79.0,'4:10','The Great Beyond','wk1',2000
247,"'Rimes, LeAnn'",'1999-10-16',71.0,'3:03','Big Deal','wk1',2000
248,"'Rimes, LeAnn'",'2000-09-09',82.0,'3:33',"""Can't Fight The Moon...""",'wk1',2000
249,"'Rimes, LeAnn'",'2000-05-27',77.0,'3:42','I Need You','wk1',2000
250,"'Rogers, Kenny'",'2000-03-11',79.0,'3:46','Buy Me A Rose','wk1',2000
251,'Ruff Endz','2000-07-01',76.0,'3:56','No More','wk1',2000
252,'Sammie','2000-01-29',85.0,'4:09','I Like It','wk1',2000
253,'Santana','2000-02-12',15.0,'4:18',"'Maria, Maria'",'wk1',2000
254,'Savage Garden','2000-04-08',75.0,'4:41','Crash And Burn','wk1',2000
255,'Savage Garden','1999-10-23',71.0,'4:07','I Knew I Loved You','wk1',2000
256,'SheDaisy','1999-12-25',97.0,'3:46','Deck The Halls','wk1',2000
257,'SheDaisy','2000-07-15',78.0,'3:40','I Will.. But','wk1',2000
258,'SheDaisy','2000-02-05',82.0,'3:20','This Woman Needs','wk1',2000
259,"'Sheist, Shade'",'2000-11-11',96.0,'4:16','Where I Wanna Be','wk1',2000
260,'Shyne','2000-09-09',94.0,'4:22','Bad Boyz','wk1',2000
261,"'Simpson, Jessica'",'2000-07-01',63.0,'3:32',"""I Think I'm In Love ...""",'wk1',2000
262,"'Simpson, Jessica'",'2000-04-01',73.0,'3:51','Where You Are','wk1',2000
263,'Sisqo','1999-11-20',92.0,'3:52','Got To Get It','wk1',2000
264,'Sisqo','2000-06-24',77.0,'3:52','Incomplete','wk1',2000
265,'Sisqo','2000-01-29',74.0,'4:05','Thong Song','wk1',2000
266,'Sister Hazel','2000-07-15',75.0,'4:02','Change Your Mind','wk1',2000
267,'Smash Mouth','1999-10-30',83.0,'3:04','Then The Morning Com...','wk1',2000
268,"'Smith, Will'",'2000-02-12',99.0,'3:58',"""Freakin' It""",'wk1',2000
269,'Son By Four','2000-04-08',80.0,'3:30','A Puro Dolor','wk1',2000
270,'Sonique','2000-01-22',67.0,'3:48','It Feels So Good','wk1',2000
271,'SoulDecision','2000-07-08',94.0,'3:25','Faded','wk1',2000
272,"'Spears, Britney'",'2000-01-29',76.0,'4:30','From The Bottom Of M...','wk1',2000
273,"'Spears, Britney'",'2000-08-12',61.0,'3:23','Lucky','wk1',2000
274,"'Spears, Britney'",'2000-04-22',67.0,'3:30','Oops!.. I Did It Aga...','wk1',2000
275,"'Spencer, Tracie'",'2000-03-04',95.0,'4:11','Still In My Heart','wk1',2000
276,'Splender','2000-06-10',71.0,'3:55','I Think God Can Expl...','wk1',2000
277,'Sting','2000-05-13',98.0,'3:52','Desert Rose','wk1',2000
278,"'Stone, Angie'",'1999-12-25',86.0,'4:42','No More Rain','wk1',2000
279,'Stone Temple Pilots','2000-07-08',79.0,'4:16','Sour Girl','wk1',2000
280,"'Strait, George'",'2000-08-26',71.0,'3:48','Go On','wk1',2000
281,"'Strait, George'",'2000-01-29',73.0,'3:24','The Best Day','wk1',2000
282,'Sugar Ray','2000-01-15',70.0,'4:15','Falls Apart','wk1',2000
283,'Tamar','2000-03-25',98.0,'4:02',"""If You Don't Wanna L...""",'wk1',2000
284,'Tamia','2000-09-16',90.0,'3:38',"""Can't Go For That""",'wk1',2000
285,'Third Eye Blind','2000-09-02',80.0,'4:10','Deep Inside Of You','wk1',2000
286,'Third Eye Blind','2000-01-22',65.0,'3:57','Never Let You Go','wk1',2000
287,"'Thomas, Carl'",'2000-11-25',77.0,'4:31','Emotional','wk1',2000
288,"'Thomas, Carl'",'2000-03-25',75.0,'3:50','I Wish','wk1',2000
289,"'Thomas, Carl'",'2000-09-23',82.0,'4:57','Summer Rain','wk1',2000
290,"'Tippin, Aaron'",'2000-08-26',74.0,'2:53','Kiss This','wk1',2000
291,'TLC','2000-02-12',63.0,'4:36','Dear Lie','wk1',2000
292,'Train','1999-10-09',76.0,'3:55','Meet Virginia','wk1',2000
293,'Trick Daddy','2000-05-20',99.0,'4:17','Shut Up','wk1',2000
294,'Trina','2000-09-09',97.0,'2:58','Pull Over','wk1',2000
295,"'Tritt, Travis'",'2000-08-19',97.0,'4:15','Best Of Intentions','wk1',2000
296,'Tuesday','2000-12-30',98.0,'4:06','I Know','wk1',2000
297,"'Urban, Keith'",'2000-07-15',81.0,'4:10','Your Everything','wk1',2000
298,'Usher','2000-11-04',68.0,'3:36','Pop Ya Collar','wk1',2000
299,"'Vassar, Phil'",'2000-03-04',75.0,'4:07','Carlene','wk1',2000
300,"'Vassar, Phil'",'2000-09-30',81.0,'3:54','Just Another Day In ...','wk1',2000
301,'Vertical Horizon','2000-01-22',70.0,'4:01','Everything You Want','wk1',2000
302,'Vertical Horizon','2000-08-26',64.0,'3:45',"""You're A God""",'wk1',2000
303,'Vitamin C','2000-04-15',81.0,'4:23','Graduation','wk1',2000
304,'Vitamin C','2000-12-02',86.0,'3:30','The Itch','wk1',2000
305,"'Walker, Clay'",'1999-12-04',95.0,'4:06',"'Live, Laugh, Love'",'wk1',2000
306,"'Walker, Clay'",'2000-04-15',73.0,'5:03','The Chain Of Love','wk1',2000
307,"'Wallflowers, The'",'2000-10-28',73.0,'3:29','Sleepwalker','wk1',2000
308,'Westlife','2000-04-01',96.0,'4:07','Swear It Again','wk1',2000
309,"'Williams, Robbie'",'1999-11-20',85.0,'3:56','Angels','wk1',2000
310,"'Wills, Mark'",'2000-01-15',89.0,'4:00','Back At One','wk1',2000
311,"'Worley, Darryl'",'2000-06-17',98.0,'3:35','When You Need My Lov...','wk1',2000
312,"'Wright, Chely'",'2000-03-04',86.0,'3:51','It Was','wk1',2000
313,'Yankee Grey','2000-04-29',86.0,'3:10','Another Nine Minutes','wk1',2000
314,"'Yearwood, Trisha'",'2000-04-01',85.0,'3:55','Real Live Woman','wk1',2000
315,'Ying Yang Twins','2000-03-18',95.0,'4:19','Whistle While You Tw...','wk1',2000
316,'Zombie Nation','2000-09-02',99.0,'3:30','Kernkraft 400','wk1',2000
317,'2Ge+her','2000-09-02',87.0,'3:15','The Hardest Part Of ...','wk2',2000
318,'2 Pac','2000-02-26',82.0,'4:22',"""Baby Don't Cry""",'wk2',2000
319,'3 Doors Down','2000-04-08',70.0,'3:53','Kryptonite','wk2',2000
320,'3 Doors Down','2000-10-21',76.0,'4:24','Loser','wk2',2000
321,'504 Boyz','2000-04-15',34.0,'3:35','Wobble Wobble','wk2',2000
322,'98?','2000-08-19',39.0,'3:24','Give Me Just One Nig...','wk2',2000
323,'Aaliyah','2000-01-29',62.0,'4:15',"""I Don't Wanna""",'wk2',2000
324,'Aaliyah','2000-03-18',53.0,'4:03','Try Again','wk2',2000
325,"'Adams, Yolanda'",'2000-08-26',76.0,'5:30','Open My Heart','wk2',2000
326,"'Adkins, Trace'",'2000-04-29',84.0,'3:05','More','wk2',2000
327,"'Aguilera, Christina'",'2000-08-05',47.0,'3:38','Come On Over Baby','wk2',2000
328,"'Aguilera, Christina'",'2000-04-15',39.0,'4:00','I Turn To You','wk2',2000
329,"'Aguilera, Christina'",'1999-11-27',51.0,'3:18','What A Girl Wants','wk2',2000
330,'Alice Deejay','2000-04-08',65.0,'6:50','Better Off Alone','wk2',2000
331,"'Allan, Gary'",'2000-01-22',78.0,'4:18','Smoke Rings In The D...','wk2',2000
332,'Amber','1999-07-17',99.0,'4:38','Sexual','wk2',2000
333,'Anastacia','2000-04-01',nan,'4:01',"""I'm Outta Love""",'wk2',2000
334,"'Anthony, Marc'",'2000-09-16',76.0,'3:59','My Baby You','wk2',2000
335,"'Anthony, Marc'",'2000-02-26',54.0,'3:50','You Sang To Me','wk2',2000
336,'A*Teens','2000-07-08',97.0,'3:44','Dancing Queen','wk2',2000
337,'Avant','2000-11-04',62.0,'4:28','My First Love','wk2',2000
338,'Avant','2000-04-29',32.0,'4:13','Separated','wk2',2000
339,"'Backstreet Boys, The'",'2000-10-14',25.0,'3:49','Shape Of My Heart','wk2',2000
340,"'Backstreet Boys, The'",'2000-01-01',62.0,'3:54','Show Me The Meaning ...','wk2',2000
341,"'Backstreet Boys, The'",'2000-05-27',50.0,'3:46','The One','wk2',2000
342,"'Badu, Erkyah'",'2000-08-19',53.0,'5:03','Bag Lady','wk2',2000
343,'Baha Men','2000-07-22',92.0,'3:17','Who Let The Dogs Out','wk2',2000
344,'Barenaked Ladies','2000-09-09',76.0,'3:46','Pinch Me','wk2',2000
345,'BBMak','2000-04-29',86.0,'3:35','Back Here','wk2',2000
346,'Beenie Man','2000-10-21',72.0,'4:17','Girls Dem Sugar','wk2',2000
347,'Before Dark','2000-05-20',87.0,'4:04','Monica','wk2',2000
348,"'Bega, Lou'",'2000-01-29',74.0,'3:23','Tricky Tricky ','wk2',2000
349,'Big Punisher','2000-04-22',87.0,'3:25',"""It's So Hard""",'wk2',2000
350,"'Black, Clint'",'2000-02-19',73.0,'5:28','Been There','wk2',2000
351,'Black Rob','2000-03-04',59.0,'4:04','Whoa!','wk2',2000
352,'Blaque','1999-10-23',63.0,'3:46','Bring It All To Me','wk2',2000
353,"'Blige, Mary J.'",'1999-11-13',80.0,'5:26','Deep Inside','wk2',2000
354,"'Blige, Mary J.'",'2000-04-15',94.0,'5:00','Give Me You','wk2',2000
355,'Blink-182','1999-12-04',76.0,'2:52','All The Small Things','wk2',2000
356,'Bloodhound Gang','2000-03-18',62.0,'4:20','The Bad Touch','wk2',2000
357,'Bon Jovi','2000-08-12',58.0,'3:44',"""It's My Life""",'wk2',2000
358,"'Braxton, Toni'",'2000-03-18',55.0,'4:21',"""He Wasn't Man Enough""",'wk2',2000
359,"'Braxton, Toni'",'2000-07-29',69.0,'4:10','Just Be A Man About ...','wk2',2000
360,"'Braxton, Toni'",'2000-12-02',98.0,'4:24','Spanish Guitar','wk2',2000
361,"'Brock, Chad'",'2000-01-01',75.0,'3:54','A Country Boy Can Su...','wk2',2000
362,"'Brock, Chad'",'2000-04-08',77.0,'3:22','Yes!','wk2',2000
363,'Brooks & Dunn','2000-06-10',85.0,'2:58',"""You'll Always Be Lov...""",'wk2',2000
364,"'Brooks, Garth'",'2000-02-19',81.0,'2:56','Do What You Gotta Do','wk2',2000
365,"'Byrd, Tracy'",'2000-01-29',77.0,'4:30','Put Your Hand In Min...','wk2',2000
366,"'Cagle, Chris'",'2000-10-21',94.0,'3:02','My Love Goes On And ...','wk2',2000
367,"""Cam'ron""",'2000-10-14',94.0,'4:38','What Means The World...','wk2',2000
368,"'Carey, Mariah'",'2000-06-24',34.0,'5:19','Crybaby','wk2',2000
369,"'Carey, Mariah'",'1999-12-11',68.0,'4:14','Thank God I Found Yo...','wk2',2000
370,"'Carter, Aaron'",'2000-08-26',75.0,'3:23',"""Aaron's Party""",'wk2',2000
371,"'Carter, Torrey'",'2000-06-24',88.0,'3:43','Take That','wk2',2000
372,'Changing Faces','2000-09-30',72.0,'4:00','That Other Woman','wk2',2000
373,"'Chesney, Kenny'",'2000-10-21',67.0,'3:54','I Lost It','wk2',2000
374,"'Chesney, Kenny'",'2000-04-01',74.0,'4:05','What I Need To Do','wk2',2000
375,'Clark Family Experience','2000-11-18',86.0,'2:56','Meanwhile Back At Th...','wk2',2000
376,"'Clark, Terri'",'2000-12-16',82.0,'3:07','A Little Gasoline','wk2',2000
377,'Common','2000-08-05',55.0,'3:55','The Light','wk2',2000
378,'Counting Crows','1999-11-06',70.0,'4:07','Hanginaround','wk2',2000
379,'Creed','1999-09-11',77.0,'5:16','Higher','wk2',2000
380,'Creed','2000-05-13',78.0,'3:52','With Arms Wide Open','wk2',2000
381,"'Cyrus, Billy Ray'",'2000-09-23',97.0,'3:45',"""You Won't Be Lonely ...""",'wk2',2000
382,'Da Brat','2000-02-26',73.0,'3:44',"""That's What I'm Look...""",'wk2',2000
383,'Da Brat','2000-06-03',65.0,'3:57',"""What'Chu Like""",'wk2',2000
384,"""D'Angelo""",'1999-12-11',77.0,'4:35','Left & Right','wk2',2000
385,"""D'Angelo""",'2000-01-22',56.0,'7:10','Untitled','wk2',2000
386,"'Davidson, Clay'",'2000-03-25',97.0,'3:56','Unconditional','wk2',2000
387,'De La Soul','2000-12-23',96.0,'5:02','All Good?','wk2',2000
388,"""Destiny's Child""",'2000-09-23',63.0,'3:38','Independent Women Pa...','wk2',2000
389,"""Destiny's Child""",'2000-05-13',71.0,'3:48',"""Jumpin' Jumpin'""",'wk2',2000
390,"""Destiny's Child""",'1999-12-25',83.0,'4:31','Say My Name','wk2',2000
391,"'Diffie, Joe'",'2000-08-12',78.0,'2:55',"""It's Always Somethin...""",'wk2',2000
392,"'Diffie, Joe'",'2000-01-01',100.0,'3:23',"""The Quittin' Kind""",'wk2',2000
393,"'Dion, Celine'",'1999-11-13',68.0,'4:03',"""That's The Way It Is""",'wk2',2000
394,"'Dixie Chicks, The'",'2000-06-24',79.0,'5:12','Cold Day In July','wk2',2000
395,"'Dixie Chicks, The'",'1999-11-27',72.0,'4:51','Cowboy Take Me Away','wk2',2000
396,"'Dixie Chicks, The'",'2000-03-18',29.0,'4:19','Goodbye Earl','wk2',2000
397,"'Dixie Chicks, The'",'2000-10-07',70.0,'3:32','Without You','wk2',2000
398,'DMX','2000-02-26',74.0,'3:45','Party Up','wk2',2000
399,'DMX','2000-01-15',76.0,'3:50',"""What's My Name""",'wk2',2000
400,'DMX','2000-07-01',95.0,'4:05','What You Want','wk2',2000
401,'Drama','2000-02-12',98.0,'3:37',"'Left, Right, Left'",'wk2',2000
402,'Dr. Dre','2000-01-22',55.0,'3:42','Forgot About Dre','wk2',2000
403,'Dr. Dre','2000-05-27',67.0,'2:38','The Next Episode','wk2',2000
404,'Dream','2000-09-30',92.0,'3:43','He Loves U Not','wk2',2000
405,"'Eastsidaz, The'",'2000-01-08',77.0,'4:27',"""G'D Up""",'wk2',2000
406,"'Eastsidaz, The'",'2000-07-01',99.0,'3:58','Got Beef','wk2',2000
407,'Eiffel 65','1999-12-11',29.0,'3:29','Blue','wk2',2000
408,"'Elliott, Missy ""Misdemeanor""'",'1999-11-27',21.0,'3:51','Hot Boyz','wk2',2000
409,'Eminem','2000-11-04',67.0,'5:26','Stan','wk2',2000
410,'Eminem','2000-05-06',32.0,'4:42','The Real Slim Shady','wk2',2000
411,'Eminem','2000-08-26',74.0,'4:40','The Way I Am','wk2',2000
412,'En Vogue','2000-06-17',92.0,'5:10','Riddle','wk2',2000
413,"'Estefan, Gloria'",'2000-06-10',nan,'3:25','No Me Dejes De Quere...','wk2',2000
414,"'Evans, Sara'",'2000-10-21',71.0,'5:36','Born To Fly','wk2',2000
415,'Eve','2000-07-15',88.0,'3:48','Got It All','wk2',2000
416,'Eve','2000-01-08',91.0,'3:51','Love Is Blind','wk2',2000
417,'Everclear','2000-07-08',69.0,'4:30','Wonderful','wk2',2000
418,"'Fabian, Lara'",'2000-06-10',80.0,'3:43','I Will Love Again','wk2',2000
419,'Fatboy Slim','1999-11-13',94.0,'4:00','The Rockafeller Skan...','wk2',2000
420,'Filter','1999-11-27',74.0,'4:23','Take A Picture','wk2',2000
421,'Foo Fighters','1999-10-16',69.0,'3:55','Learn To Fly','wk2',2000
422,'Fragma','2000-10-28',nan,'3:22',"""Toca's Miracle""",'wk2',2000
423,'Funkmaster Flex','2000-11-11',92.0,'4:14','Do You','wk2',2000
424,'Ghostface Killah','2000-08-05',nan,'3:04','Cherchez LaGhost','wk2',2000
425,"'Gill, Vince'",'2000-09-02',76.0,'4:13','Feels Like Love','wk2',2000
426,"'Gilman, Billy'",'2000-06-17',86.0,'4:07','One Voice','wk2',2000
427,'Ginuwine','1999-12-11',84.0,'4:12','None Of Ur Friends B...','wk2',2000
428,'Ginuwine','2000-01-08',97.0,'4:06','The Best Man I Can B...','wk2',2000
429,'Goo Goo Dolls','2000-04-22',58.0,'3:54','Broadway','wk2',2000
430,"'Gray, Macy'",'2000-02-19',51.0,'3:52','I Try','wk2',2000
431,"'Griggs, Andy'",'2000-03-11',76.0,'3:19',"""She's More""",'wk2',2000
432,'Guy','1999-12-18',29.0,'4:08',"""Dancin'""",'wk2',2000
433,'Hanson','2000-04-22',22.0,'4:14','This Time Around','wk2',2000
434,"'Hart, Beth'",'1999-11-27',100.0,'3:47','L.A. Song','wk2',2000
435,"'Heatherly, Eric'",'2000-04-29',88.0,'3:16','Flowers On The Wall','wk2',2000
436,"'Henley, Don'",'2000-06-24',77.0,'4:08','Taking You Home','wk2',2000
437,"'Herndon, Ty'",'2000-03-18',99.0,'4:43','No Mercy','wk2',2000
438,"'Hill, Faith'",'1999-11-06',68.0,'4:04','Breathe','wk2',2000
439,"'Hill, Faith'",'2000-08-12',83.0,'4:11',"""Let's Make Love""",'wk2',2000
440,'Hoku','2000-02-19',49.0,'3:47','Another Dumb Blonde','wk2',2000
441,"'Hollister, Dave'",'2000-03-25',84.0,'6:17',"""Can't Stay""",'wk2',2000
442,'Hot Boys','2000-02-19',75.0,'4:16','I Need A Hot Girl','wk2',2000
443,"'Houston, Whitney'",'2000-06-17',68.0,'3:54','Could I Have This Ki...','wk2',2000
444,"'Houston, Whitney'",'2000-02-19',83.0,'4:18','I Learned From The B...','wk2',2000
445,"'Houston, Whitney'",'1999-09-04',68.0,'4:16','My Love Is Your Love','wk2',2000
446,"'Houston, Whitney'",'2000-06-17',71.0,'4:45',"'Same Script, Differe...'",'wk2',2000
447,'Ice Cube','1999-12-04',66.0,'4:20','You Can Do It','wk2',2000
448,'Ideal','2000-06-10',75.0,'3:48','Whatever','wk2',2000
449,"'Iglesias, Enrique'",'2000-04-01',45.0,'3:36','Be With You','wk2',2000
450,"'Iglesias, Enrique'",'1999-12-04',84.0,'7:35','Rhythm Divine','wk2',2000
451,'IMx','1999-10-09',61.0,'3:37','Stay The Night','wk2',2000
452,"'Jackson, Alan'",'2000-06-24',74.0,'2:53','It Must Be Love','wk2',2000
453,"'Jackson, Alan'",'1999-11-13',73.0,'3:04','Pop A Top','wk2',2000
454,"'Jackson, Alan'",'2000-11-04',59.0,'2:36','www.memory','wk2',2000
455,'Jagged Edge','1999-12-11',32.0,'3:30',"""He Can't Love U""",'wk2',2000
456,'Jagged Edge','2000-05-06',66.0,'4:23',"""Let's Get Married""",'wk2',2000
457,'Janet','2000-06-17',52.0,'4:17',"""Doesn't Really Matte...""",'wk2',2000
458,'Ja Rule','2000-09-16',74.0,'4:05','Between Me And You','wk2',2000
459,'Jay-Z','2000-02-26',58.0,'3:41','Anything','wk2',2000
460,'Jay-Z','2000-04-22',52.0,'3:55',"""Big Pimpin'""",'wk2',2000
461,'Jay-Z','2000-01-15',68.0,'3:47','Do It Again','wk2',2000
462,'Jay-Z','2000-08-12',100.0,'3:40','Hey Papi','wk2',2000
463,'Jay-Z','2000-10-28',45.0,'3:50','I Just Wanna Love U','wk2',2000
464,"'Jean, Wyclef'",'2000-10-07',74.0,'4:00','911','wk2',2000
465,'Joe','2000-01-01',86.0,'4:57','I Wanna Know','wk2',2000
466,'Joe','2000-08-05',75.0,'4:12','Treat Her Like A Lad...','wk2',2000
467,"'John, Elton'",'2000-04-22',56.0,'4:41','Someday Out Of The B...','wk2',2000
468,"'Jones, Donell'",'2000-04-22',71.0,'6:22','Where I Wanna Be','wk2',2000
469,"'Jordan, Montell'",'1999-10-23',80.0,'4:34','Get It On.. Tonite','wk2',2000
470,'J-Shin','1999-12-25',96.0,'4:34','One Night Stand','wk2',2000
471,'Juvenile','2000-02-05',83.0,'3:51','U Understand','wk2',2000
472,'Kandi','2000-08-05',66.0,'3:50',"""Don't Think I'm Not""",'wk2',2000
473,"'Keith, Toby'",'2000-08-05',78.0,'3:39','Country Comes To Tow...','wk2',2000
474,"'Keith, Toby'",'2000-01-29',72.0,'3:29','How Do You Like Me N...','wk2',2000
475,'Kelis','1999-12-04',68.0,'4:09','Caught Out There','wk2',2000
476,'Kenny G','1999-12-25',89.0,'7:50','Auld Lang Syne','wk2',2000
477,'Kid Rock','2000-02-19',47.0,'5:27','Only God Knows Why','wk2',2000
478,"'Kravitz, Lenny'",'2000-03-25',77.0,'4:17','I Belong To You','wk2',2000
479,'Kumbia Kings','2000-03-04',64.0,'3:50',"""U Don't Love Me""",'wk2',2000
480,"'Larrieux, Amel'",'2000-03-04',97.0,'4:02','Get Up','wk2',2000
481,"'Lawrence, Tracy'",'2000-01-29',73.0,'2:55','Lessons Learned','wk2',2000
482,"'Levert, Gerald'",'2000-08-19',89.0,'4:10','Baby U Are','wk2',2000
483,"'Levert, Gerald'",'2000-03-18',83.0,'4:06','Mr. Too Damn Good','wk2',2000
484,'LFO','2000-04-15',61.0,'5:00',"""I Don't Wanna Kiss Y...""",'wk2',2000
485,'LFO','2000-08-05',84.0,'3:27','West Side Story','wk2',2000
486,'Lil Bow Wow','2000-08-19',35.0,'3:22','Bounce With Me','wk2',2000
487,"""Lil' Kim""",'2000-11-25',75.0,'3:50','How Many Licks?','wk2',2000
488,"""Lil' Kim""",'2000-07-15',72.0,'4:12','No Matter What They ...','wk2',2000
489,"""Lil' Mo""",'2000-08-12',99.0,'4:17','Ta Da','wk2',2000
490,'Lil Wayne','1999-12-04',89.0,'4:13','Tha Block Is Hot','wk2',2000
491,"""Lil' Zane""",'2000-07-29',89.0,'3:43',"""Callin' Me""",'wk2',2000
492,'Limp Bizkit','1999-12-04',88.0,'3:55','N 2 Gether Now','wk2',2000
493,'Limp Bizkit','1999-12-04',91.0,'4:08','Re-Arranged','wk2',2000
494,'Limp Bizkit','2000-11-11',73.0,'4:04',"""Rollin'""",'wk2',2000
495,'LL Cool J','2000-08-12',98.0,'4:00','Imagine That','wk2',2000
496,'Lonestar','1999-06-05',54.0,'4:25','Amazed','wk2',2000
497,'Lonestar','1999-12-18',80.0,'3:33','Smile','wk2',2000
498,'Lonestar','2000-06-10',72.0,'3:30','What About Now','wk2',2000
499,"'Lopez, Jennifer'",'2000-02-19',79.0,'4:28',"""Feelin' Good""",'wk2',2000
500,"'Loveless, Patty'",'2000-09-16',93.0,'3:27',"""That's The Kind Of M...""",'wk2',2000
501,'Lox','2000-03-18',73.0,'3:56',"'Ryde or Die, Chick'",'wk2',2000
502,'Lucy Pearl','2000-05-20',75.0,'3:45','Dance Tonight','wk2',2000
503,'Ludacris','2000-09-30',83.0,'4:16',"""What's Your Fantasy""",'wk2',2000
504,'M2M','1999-11-20',53.0,'3:41',"""Don't Say You Love M...""",'wk2',2000
505,'M2M','2000-04-01',87.0,'3:19','Mirror Mirror','wk2',2000
506,'Madison Avenue','2000-07-08',96.0,'3:44',"""Don't Call Me Baby""",'wk2',2000
507,'Madonna','2000-02-19',35.0,'4:30','American Pie','wk2',2000
508,'Madonna','2000-08-12',23.0,'3:45','Music','wk2',2000
509,"'Martin, Ricky'",'2000-03-11',67.0,'4:02','Private Emotion','wk2',2000
510,"'Martin, Ricky'",'1999-11-20',66.0,'3:08','Shake Your Bon-Bon','wk2',2000
511,"'Martin, Ricky'",'2000-10-07',28.0,'4:02','She Bangs','wk2',2000
512,'Mary Mary','2000-03-25',76.0,'3:12','Shackles','wk2',2000
513,'Master P','2000-11-18',nan,'3:33','Souljas','wk2',2000
514,'matchbox twenty','2000-04-29',37.0,'4:12','Bent','wk2',2000
515,"'McBride, Martina'",'2000-02-05',69.0,'5:13',"""Love's The Only Hous...""",'wk2',2000
516,"'McBride, Martina'",'2000-09-09',75.0,'3:26','There You Are','wk2',2000
517,"'McEntire, Reba'",'2000-05-13',79.0,'4:23',"""I'll Be""",'wk2',2000
518,"'McEntire, Reba'",'1999-10-30',76.0,'3:26','What Do You Say','wk2',2000
519,"'McGraw, Tim'",'1999-11-27',76.0,'4:33','My Best Friend','wk2',2000
520,"'McGraw, Tim'",'2000-10-21',62.0,'3:37','My Next Thirty Years','wk2',2000
521,"'McGraw, Tim'",'2000-05-13',66.0,'3:56','Some Things Never Ch...','wk2',2000
522,"'McKnight, Brian'",'2000-02-26',92.0,'4:32','Stay Or Let It Go','wk2',2000
523,"'Messina, Jo Dee'",'2000-01-29',78.0,'3:50','Because You Love Me','wk2',2000
524,"'Messina, Jo Dee'",'2000-06-24',67.0,'3:17',"""That's The Way""",'wk2',2000
525,'Metallica','2000-05-13',84.0,'4:26','I Disappear','wk2',2000
526,'Metallica','2000-02-12',81.0,'5:43','No Leaf Clover','wk2',2000
527,'Montgomery Gentry','2000-03-04',83.0,'4:18',"""Daddy Won't Sell The...""",'wk2',2000
528,"'Montgomery, John Michael'",'2000-09-09',67.0,'3:52','The Little Girl','wk2',2000
529,"'Moore, Chante'",'2000-10-28',98.0,'3:40','Straight Up','wk2',2000
530,"'Moore, Mandy'",'2000-06-17',63.0,'4:12','I Wanna Be With You','wk2',2000
531,"'Mumba, Samantha'",'2000-09-09',72.0,'3:19','Gotta Tell You','wk2',2000
532,'Musiq','2000-10-14',83.0,'4:02','Just Friends','wk2',2000
533,'Mya','2000-08-19',57.0,'3:50','Case Of The Ex','wk2',2000
534,'Mya','2000-04-15',70.0,'4:12','The Best Of Me','wk2',2000
535,'Mystikal','2000-08-12',90.0,'4:46','Shake Ya Ass','wk2',2000
536,'Nas','2000-03-25',72.0,'3:51','You Owe Me','wk2',2000
537,'Nelly','2000-04-29',99.0,'4:17','(Hot S**t) Country G...','wk2',2000
538,'Next','2000-05-27',61.0,'4:03','Wifey','wk2',2000
539,'Nine Days','2000-05-06',71.0,'3:09','Absolutely','wk2',2000
540,'Nine Days','2000-12-02',68.0,'4:18','If I Am','wk2',2000
541,'No Doubt','2000-07-01',40.0,'4:11','Simple Kind Of Life','wk2',2000
542,"""N'Sync""",'2000-01-29',20.0,'3:15','Bye Bye Bye','wk2',2000
543,"""N'Sync""",'2000-05-06',70.0,'3:10',"""It's Gonna Be Me""",'wk2',2000
544,"""N'Sync""",'2000-09-30',31.0,'4:23','This I Promise You','wk2',2000
545,'Nu Flavor','2000-06-03',97.0,'3:54','3 Little Words','wk2',2000
546,"'Offspring, The'",'2000-11-25',71.0,'3:42','Original Prankster','wk2',2000
547,"'Paisley, Brad'",'2000-05-13',85.0,'3:19','Me Neither','wk2',2000
548,"'Paisley, Brad'",'2000-10-14',68.0,'3:45','We Danced','wk2',2000
549,'Papa Roach','2000-07-29',71.0,'3:19','Last Resort','wk2',2000
550,'Pearl Jam','2000-05-13',70.0,'5:20','Nothing As It Seems','wk2',2000
551,'Pink','2000-08-12',70.0,'4:06','Most Girls','wk2',2000
552,'Pink','2000-03-04',15.0,'3:23','There U Go','wk2',2000
553,"'Price, Kelly'",'2000-07-15',69.0,'6:20','As We Lay','wk2',2000
554,"'Price, Kelly'",'2000-05-13',91.0,'3:46','Love Sets You Free','wk2',2000
555,"'Price, Kelly'",'2000-09-23',91.0,'3:12',"""You Should've Told M...""",'wk2',2000
556,'Profyle','2000-09-16',32.0,'3:57','Liar','wk2',2000
557,'Puff Daddy','2000-02-12',59.0,'5:33','Best Friend','wk2',2000
558,'Q-Tip','2000-01-22',71.0,'4:06','Breathe And Stop','wk2',2000
559,'Rascal Flatts','2000-05-06',78.0,'3:36',"""Prayin' For Daylight""",'wk2',2000
560,"'Raye, Collin'",'2000-03-18',85.0,'3:40',"""Couldn't Last A Mome...""",'wk2',2000
561,'Red Hot Chili Peppers','2000-07-29',72.0,'5:21','Californication','wk2',2000
562,'Red Hot Chili Peppers','2000-02-12',72.0,'4:13','Otherside','wk2',2000
563,'R.E.M.','1999-12-25',79.0,'4:10','The Great Beyond','wk2',2000
564,"'Rimes, LeAnn'",'1999-10-16',52.0,'3:03','Big Deal','wk2',2000
565,"'Rimes, LeAnn'",'2000-09-09',71.0,'3:33',"""Can't Fight The Moon...""",'wk2',2000
566,"'Rimes, LeAnn'",'2000-05-27',68.0,'3:42','I Need You','wk2',2000
567,"'Rogers, Kenny'",'2000-03-11',72.0,'3:46','Buy Me A Rose','wk2',2000
568,'Ruff Endz','2000-07-01',38.0,'3:56','No More','wk2',2000
569,'Sammie','2000-01-29',68.0,'4:09','I Like It','wk2',2000
570,'Santana','2000-02-12',8.0,'4:18',"'Maria, Maria'",'wk2',2000
571,'Savage Garden','2000-04-08',58.0,'4:41','Crash And Burn','wk2',2000
572,'Savage Garden','1999-10-23',48.0,'4:07','I Knew I Loved You','wk2',2000
573,'SheDaisy','1999-12-25',61.0,'3:46','Deck The Halls','wk2',2000
574,'SheDaisy','2000-07-15',74.0,'3:40','I Will.. But','wk2',2000
575,'SheDaisy','2000-02-05',70.0,'3:20','This Woman Needs','wk2',2000
576,"'Sheist, Shade'",'2000-11-11',95.0,'4:16','Where I Wanna Be','wk2',2000
577,'Shyne','2000-09-09',87.0,'4:22','Bad Boyz','wk2',2000
578,"'Simpson, Jessica'",'2000-07-01',52.0,'3:32',"""I Think I'm In Love ...""",'wk2',2000
579,"'Simpson, Jessica'",'2000-04-01',66.0,'3:51','Where You Are','wk2',2000
580,'Sisqo','1999-11-20',76.0,'3:52','Got To Get It','wk2',2000
581,'Sisqo','2000-06-24',66.0,'3:52','Incomplete','wk2',2000
582,'Sisqo','2000-01-29',63.0,'4:05','Thong Song','wk2',2000
583,'Sister Hazel','2000-07-15',67.0,'4:02','Change Your Mind','wk2',2000
584,'Smash Mouth','1999-10-30',59.0,'3:04','Then The Morning Com...','wk2',2000
585,"'Smith, Will'",'2000-02-12',99.0,'3:58',"""Freakin' It""",'wk2',2000
586,'Son By Four','2000-04-08',80.0,'3:30','A Puro Dolor','wk2',2000
587,'Sonique','2000-01-22',52.0,'3:48','It Feels So Good','wk2',2000
588,'SoulDecision','2000-07-08',90.0,'3:25','Faded','wk2',2000
589,"'Spears, Britney'",'2000-01-29',59.0,'4:30','From The Bottom Of M...','wk2',2000
590,"'Spears, Britney'",'2000-08-12',41.0,'3:23','Lucky','wk2',2000
591,"'Spears, Britney'",'2000-04-22',38.0,'3:30','Oops!.. I Did It Aga...','wk2',2000
592,"'Spencer, Tracie'",'2000-03-04',88.0,'4:11','Still In My Heart','wk2',2000
593,'Splender','2000-06-10',66.0,'3:55','I Think God Can Expl...','wk2',2000
594,'Sting','2000-05-13',88.0,'3:52','Desert Rose','wk2',2000
595,"'Stone, Angie'",'1999-12-25',86.0,'4:42','No More Rain','wk2',2000
596,'Stone Temple Pilots','2000-07-08',79.0,'4:16','Sour Girl','wk2',2000
597,"'Strait, George'",'2000-08-26',67.0,'3:48','Go On','wk2',2000
598,"'Strait, George'",'2000-01-29',64.0,'3:24','The Best Day','wk2',2000
599,'Sugar Ray','2000-01-15',64.0,'4:15','Falls Apart','wk2',2000
600,'Tamar','2000-03-25',98.0,'4:02',"""If You Don't Wanna L...""",'wk2',2000
601,'Tamia','2000-09-16',86.0,'3:38',"""Can't Go For That""",'wk2',2000
602,'Third Eye Blind','2000-09-02',73.0,'4:10','Deep Inside Of You','wk2',2000
603,'Third Eye Blind','2000-01-22',32.0,'3:57','Never Let You Go','wk2',2000
604,"'Thomas, Carl'",'2000-11-25',63.0,'4:31','Emotional','wk2',2000
605,"'Thomas, Carl'",'2000-03-25',64.0,'3:50','I Wish','wk2',2000
606,"'Thomas, Carl'",'2000-09-23',82.0,'4:57','Summer Rain','wk2',2000
607,"'Tippin, Aaron'",'2000-08-26',72.0,'2:53','Kiss This','wk2',2000
608,'TLC','2000-02-12',55.0,'4:36','Dear Lie','wk2',2000
609,'Train','1999-10-09',67.0,'3:55','Meet Virginia','wk2',2000
610,'Trick Daddy','2000-05-20',95.0,'4:17','Shut Up','wk2',2000
611,'Trina','2000-09-09',93.0,'2:58','Pull Over','wk2',2000
612,"'Tritt, Travis'",'2000-08-19',86.0,'4:15','Best Of Intentions','wk2',2000
613,'Tuesday','2000-12-30',98.0,'4:06','I Know','wk2',2000
614,"'Urban, Keith'",'2000-07-15',80.0,'4:10','Your Everything','wk2',2000
615,'Usher','2000-11-04',64.0,'3:36','Pop Ya Collar','wk2',2000
616,"'Vassar, Phil'",'2000-03-04',67.0,'4:07','Carlene','wk2',2000
617,"'Vassar, Phil'",'2000-09-30',81.0,'3:54','Just Another Day In ...','wk2',2000
618,'Vertical Horizon','2000-01-22',61.0,'4:01','Everything You Want','wk2',2000
619,'Vertical Horizon','2000-08-26',55.0,'3:45',"""You're A God""",'wk2',2000
620,'Vitamin C','2000-04-15',64.0,'4:23','Graduation','wk2',2000
621,'Vitamin C','2000-12-02',48.0,'3:30','The Itch','wk2',2000
622,"'Walker, Clay'",'1999-12-04',95.0,'4:06',"'Live, Laugh, Love'",'wk2',2000
623,"'Walker, Clay'",'2000-04-15',65.0,'5:03','The Chain Of Love','wk2',2000
624,"'Wallflowers, The'",'2000-10-28',73.0,'3:29','Sleepwalker','wk2',2000
625,'Westlife','2000-04-01',82.0,'4:07','Swear It Again','wk2',2000
626,"'Williams, Robbie'",'1999-11-20',77.0,'3:56','Angels','wk2',2000
627,"'Wills, Mark'",'2000-01-15',55.0,'4:00','Back At One','wk2',2000
628,"'Worley, Darryl'",'2000-06-17',88.0,'3:35','When You Need My Lov...','wk2',2000
629,"'Wright, Chely'",'2000-03-04',78.0,'3:51','It Was','wk2',2000
630,'Yankee Grey','2000-04-29',83.0,'3:10','Another Nine Minutes','wk2',2000
631,"'Yearwood, Trisha'",'2000-04-01',83.0,'3:55','Real Live Woman','wk2',2000
632,'Ying Yang Twins','2000-03-18',94.0,'4:19','Whistle While You Tw...','wk2',2000
633,'Zombie Nation','2000-09-02',99.0,'3:30','Kernkraft 400','wk2',2000
634,'2Ge+her','2000-09-02',92.0,'3:15','The Hardest Part Of ...','wk3',2000
635,'2 Pac','2000-02-26',72.0,'4:22',"""Baby Don't Cry""",'wk3',2000
636,'3 Doors Down','2000-04-08',68.0,'3:53','Kryptonite','wk3',2000
637,'3 Doors Down','2000-10-21',72.0,'4:24','Loser','wk3',2000
638,'504 Boyz','2000-04-15',25.0,'3:35','Wobble Wobble','wk3',2000
639,'98?','2000-08-19',34.0,'3:24','Give Me Just One Nig...','wk3',2000
640,'Aaliyah','2000-01-29',51.0,'4:15',"""I Don't Wanna""",'wk3',2000
641,'Aaliyah','2000-03-18',38.0,'4:03','Try Again','wk3',2000
642,"'Adams, Yolanda'",'2000-08-26',74.0,'5:30','Open My Heart','wk3',2000
643,"'Adkins, Trace'",'2000-04-29',75.0,'3:05','More','wk3',2000
644,"'Aguilera, Christina'",'2000-08-05',45.0,'3:38','Come On Over Baby','wk3',2000
645,"'Aguilera, Christina'",'2000-04-15',30.0,'4:00','I Turn To You','wk3',2000
646,"'Aguilera, Christina'",'1999-11-27',28.0,'3:18','What A Girl Wants','wk3',2000
647,'Alice Deejay','2000-04-08',53.0,'6:50','Better Off Alone','wk3',2000
648,"'Allan, Gary'",'2000-01-22',76.0,'4:18','Smoke Rings In The D...','wk3',2000
649,'Amber','1999-07-17',96.0,'4:38','Sexual','wk3',2000
650,'Anastacia','2000-04-01',nan,'4:01',"""I'm Outta Love""",'wk3',2000
651,"'Anthony, Marc'",'2000-09-16',76.0,'3:59','My Baby You','wk3',2000
652,"'Anthony, Marc'",'2000-02-26',50.0,'3:50','You Sang To Me','wk3',2000
653,'A*Teens','2000-07-08',96.0,'3:44','Dancing Queen','wk3',2000
654,'Avant','2000-11-04',56.0,'4:28','My First Love','wk3',2000
655,'Avant','2000-04-29',30.0,'4:13','Separated','wk3',2000
656,"'Backstreet Boys, The'",'2000-10-14',24.0,'3:49','Shape Of My Heart','wk3',2000
657,"'Backstreet Boys, The'",'2000-01-01',55.0,'3:54','Show Me The Meaning ...','wk3',2000
658,"'Backstreet Boys, The'",'2000-05-27',43.0,'3:46','The One','wk3',2000
659,"'Badu, Erkyah'",'2000-08-19',42.0,'5:03','Bag Lady','wk3',2000
660,'Baha Men','2000-07-22',85.0,'3:17','Who Let The Dogs Out','wk3',2000
661,'Barenaked Ladies','2000-09-09',69.0,'3:46','Pinch Me','wk3',2000
662,'BBMak','2000-04-29',60.0,'3:35','Back Here','wk3',2000
663,'Beenie Man','2000-10-21',63.0,'4:17','Girls Dem Sugar','wk3',2000
664,'Before Dark','2000-05-20',80.0,'4:04','Monica','wk3',2000
665,"'Bega, Lou'",'2000-01-29',87.0,'3:23','Tricky Tricky ','wk3',2000
666,'Big Punisher','2000-04-22',75.0,'3:25',"""It's So Hard""",'wk3',2000
667,"'Black, Clint'",'2000-02-19',62.0,'5:28','Been There','wk3',2000
668,'Black Rob','2000-03-04',53.0,'4:04','Whoa!','wk3',2000
669,'Blaque','1999-10-23',50.0,'3:46','Bring It All To Me','wk3',2000
670,"'Blige, Mary J.'",'1999-11-13',80.0,'5:26','Deep Inside','wk3',2000
671,"'Blige, Mary J.'",'2000-04-15',77.0,'5:00','Give Me You','wk3',2000
672,'Blink-182','1999-12-04',69.0,'2:52','All The Small Things','wk3',2000
673,'Bloodhound Gang','2000-03-18',55.0,'4:20','The Bad Touch','wk3',2000
674,'Bon Jovi','2000-08-12',51.0,'3:44',"""It's My Life""",'wk3',2000
675,"'Braxton, Toni'",'2000-03-18',48.0,'4:21',"""He Wasn't Man Enough""",'wk3',2000
676,"'Braxton, Toni'",'2000-07-29',51.0,'4:10','Just Be A Man About ...','wk3',2000
677,"'Braxton, Toni'",'2000-12-02',98.0,'4:24','Spanish Guitar','wk3',2000
678,"'Brock, Chad'",'2000-01-01',92.0,'3:54','A Country Boy Can Su...','wk3',2000
679,"'Brock, Chad'",'2000-04-08',66.0,'3:22','Yes!','wk3',2000
680,'Brooks & Dunn','2000-06-10',85.0,'2:58',"""You'll Always Be Lov...""",'wk3',2000
681,"'Brooks, Garth'",'2000-02-19',72.0,'2:56','Do What You Gotta Do','wk3',2000
682,"'Byrd, Tracy'",'2000-01-29',76.0,'4:30','Put Your Hand In Min...','wk3',2000
683,"'Cagle, Chris'",'2000-10-21',94.0,'3:02','My Love Goes On And ...','wk3',2000
684,"""Cam'ron""",'2000-10-14',96.0,'4:38','What Means The World...','wk3',2000
685,"'Carey, Mariah'",'2000-06-24',48.0,'5:19','Crybaby','wk3',2000
686,"'Carey, Mariah'",'1999-12-11',50.0,'4:14','Thank God I Found Yo...','wk3',2000
687,"'Carter, Aaron'",'2000-08-26',57.0,'3:23',"""Aaron's Party""",'wk3',2000
688,"'Carter, Torrey'",'2000-06-24',86.0,'3:43','Take That','wk3',2000
689,'Changing Faces','2000-09-30',66.0,'4:00','That Other Woman','wk3',2000
690,"'Chesney, Kenny'",'2000-10-21',61.0,'3:54','I Lost It','wk3',2000
691,"'Chesney, Kenny'",'2000-04-01',68.0,'4:05','What I Need To Do','wk3',2000
692,'Clark Family Experience','2000-11-18',81.0,'2:56','Meanwhile Back At Th...','wk3',2000
693,"'Clark, Terri'",'2000-12-16',88.0,'3:07','A Little Gasoline','wk3',2000
694,'Common','2000-08-05',53.0,'3:55','The Light','wk3',2000
695,'Counting Crows','1999-11-06',66.0,'4:07','Hanginaround','wk3',2000
696,'Creed','1999-09-11',73.0,'5:16','Higher','wk3',2000
697,'Creed','2000-05-13',76.0,'3:52','With Arms Wide Open','wk3',2000
698,"'Cyrus, Billy Ray'",'2000-09-23',97.0,'3:45',"""You Won't Be Lonely ...""",'wk3',2000
699,'Da Brat','2000-02-26',60.0,'3:44',"""That's What I'm Look...""",'wk3',2000
700,'Da Brat','2000-06-03',54.0,'3:57',"""What'Chu Like""",'wk3',2000
701,"""D'Angelo""",'1999-12-11',75.0,'4:35','Left & Right','wk3',2000
702,"""D'Angelo""",'2000-01-22',35.0,'7:10','Untitled','wk3',2000
703,"'Davidson, Clay'",'2000-03-25',97.0,'3:56','Unconditional','wk3',2000
704,'De La Soul','2000-12-23',100.0,'5:02','All Good?','wk3',2000
705,"""Destiny's Child""",'2000-09-23',49.0,'3:38','Independent Women Pa...','wk3',2000
706,"""Destiny's Child""",'2000-05-13',65.0,'3:48',"""Jumpin' Jumpin'""",'wk3',2000
707,"""Destiny's Child""",'1999-12-25',44.0,'4:31','Say My Name','wk3',2000
708,"'Diffie, Joe'",'2000-08-12',67.0,'2:55',"""It's Always Somethin...""",'wk3',2000
709,"'Diffie, Joe'",'2000-01-01',100.0,'3:23',"""The Quittin' Kind""",'wk3',2000
710,"'Dion, Celine'",'1999-11-13',65.0,'4:03',"""That's The Way It Is""",'wk3',2000
711,"'Dixie Chicks, The'",'2000-06-24',76.0,'5:12','Cold Day In July','wk3',2000
712,"'Dixie Chicks, The'",'1999-11-27',70.0,'4:51','Cowboy Take Me Away','wk3',2000
713,"'Dixie Chicks, The'",'2000-03-18',24.0,'4:19','Goodbye Earl','wk3',2000
714,"'Dixie Chicks, The'",'2000-10-07',63.0,'3:32','Without You','wk3',2000
715,'DMX','2000-02-26',62.0,'3:45','Party Up','wk3',2000
716,'DMX','2000-01-15',69.0,'3:50',"""What's My Name""",'wk3',2000
717,'DMX','2000-07-01',95.0,'4:05','What You Want','wk3',2000
718,'Drama','2000-02-12',89.0,'3:37',"'Left, Right, Left'",'wk3',2000
719,'Dr. Dre','2000-01-22',47.0,'3:42','Forgot About Dre','wk3',2000
720,'Dr. Dre','2000-05-27',58.0,'2:38','The Next Episode','wk3',2000
721,'Dream','2000-09-30',81.0,'3:43','He Loves U Not','wk3',2000
722,"'Eastsidaz, The'",'2000-01-08',89.0,'4:27',"""G'D Up""",'wk3',2000
723,"'Eastsidaz, The'",'2000-07-01',nan,'3:58','Got Beef','wk3',2000
724,'Eiffel 65','1999-12-11',16.0,'3:29','Blue','wk3',2000
725,"'Elliott, Missy ""Misdemeanor""'",'1999-11-27',13.0,'3:51','Hot Boyz','wk3',2000
726,'Eminem','2000-11-04',57.0,'5:26','Stan','wk3',2000
727,'Eminem','2000-05-06',20.0,'4:42','The Real Slim Shady','wk3',2000
728,'Eminem','2000-08-26',59.0,'4:40','The Way I Am','wk3',2000
729,'En Vogue','2000-06-17',97.0,'5:10','Riddle','wk3',2000
730,"'Estefan, Gloria'",'2000-06-10',nan,'3:25','No Me Dejes De Quere...','wk3',2000
731,"'Evans, Sara'",'2000-10-21',64.0,'5:36','Born To Fly','wk3',2000
732,'Eve','2000-07-15',88.0,'3:48','Got It All','wk3',2000
733,'Eve','2000-01-08',57.0,'3:51','Love Is Blind','wk3',2000
734,'Everclear','2000-07-08',53.0,'4:30','Wonderful','wk3',2000
735,"'Fabian, Lara'",'2000-06-10',75.0,'3:43','I Will Love Again','wk3',2000
736,'Fatboy Slim','1999-11-13',94.0,'4:00','The Rockafeller Skan...','wk3',2000
737,'Filter','1999-11-27',64.0,'4:23','Take A Picture','wk3',2000
738,'Foo Fighters','1999-10-16',68.0,'3:55','Learn To Fly','wk3',2000
739,'Fragma','2000-10-28',nan,'3:22',"""Toca's Miracle""",'wk3',2000
740,'Funkmaster Flex','2000-11-11',95.0,'4:14','Do You','wk3',2000
741,'Ghostface Killah','2000-08-05',nan,'3:04','Cherchez LaGhost','wk3',2000
742,"'Gill, Vince'",'2000-09-02',74.0,'4:13','Feels Like Love','wk3',2000
743,"'Gilman, Billy'",'2000-06-17',82.0,'4:07','One Voice','wk3',2000
744,'Ginuwine','1999-12-11',71.0,'4:12','None Of Ur Friends B...','wk3',2000
745,'Ginuwine','2000-01-08',83.0,'4:06','The Best Man I Can B...','wk3',2000
746,'Goo Goo Dolls','2000-04-22',53.0,'3:54','Broadway','wk3',2000
747,"'Gray, Macy'",'2000-02-19',47.0,'3:52','I Try','wk3',2000
748,"'Griggs, Andy'",'2000-03-11',69.0,'3:19',"""She's More""",'wk3',2000
749,'Guy','1999-12-18',19.0,'4:08',"""Dancin'""",'wk3',2000
750,'Hanson','2000-04-22',20.0,'4:14','This Time Around','wk3',2000
751,"'Hart, Beth'",'1999-11-27',98.0,'3:47','L.A. Song','wk3',2000
752,"'Heatherly, Eric'",'2000-04-29',88.0,'3:16','Flowers On The Wall','wk3',2000
753,"'Henley, Don'",'2000-06-24',74.0,'4:08','Taking You Home','wk3',2000
754,"'Herndon, Ty'",'2000-03-18',99.0,'4:43','No Mercy','wk3',2000
755,"'Hill, Faith'",'1999-11-06',62.0,'4:04','Breathe','wk3',2000
756,"'Hill, Faith'",'2000-08-12',73.0,'4:11',"""Let's Make Love""",'wk3',2000
757,'Hoku','2000-02-19',49.0,'3:47','Another Dumb Blonde','wk3',2000
758,"'Hollister, Dave'",'2000-03-25',93.0,'6:17',"""Can't Stay""",'wk3',2000
759,'Hot Boys','2000-02-19',71.0,'4:16','I Need A Hot Girl','wk3',2000
760,"'Houston, Whitney'",'2000-06-17',68.0,'3:54','Could I Have This Ki...','wk3',2000
761,"'Houston, Whitney'",'2000-02-19',83.0,'4:18','I Learned From The B...','wk3',2000
762,"'Houston, Whitney'",'1999-09-04',44.0,'4:16','My Love Is Your Love','wk3',2000
763,"'Houston, Whitney'",'2000-06-17',71.0,'4:45',"'Same Script, Differe...'",'wk3',2000
764,'Ice Cube','1999-12-04',50.0,'4:20','You Can Do It','wk3',2000
765,'Ideal','2000-06-10',67.0,'3:48','Whatever','wk3',2000
766,"'Iglesias, Enrique'",'2000-04-01',34.0,'3:36','Be With You','wk3',2000
767,"'Iglesias, Enrique'",'1999-12-04',79.0,'7:35','Rhythm Divine','wk3',2000
768,'IMx','1999-10-09',45.0,'3:37','Stay The Night','wk3',2000
769,"'Jackson, Alan'",'2000-06-24',68.0,'2:53','It Must Be Love','wk3',2000
770,"'Jackson, Alan'",'1999-11-13',70.0,'3:04','Pop A Top','wk3',2000
771,"'Jackson, Alan'",'2000-11-04',59.0,'2:36','www.memory','wk3',2000
772,'Jagged Edge','1999-12-11',17.0,'3:30',"""He Can't Love U""",'wk3',2000
773,'Jagged Edge','2000-05-06',55.0,'4:23',"""Let's Get Married""",'wk3',2000
774,'Janet','2000-06-17',43.0,'4:17',"""Doesn't Really Matte...""",'wk3',2000
775,'Ja Rule','2000-09-16',61.0,'4:05','Between Me And You','wk3',2000
776,'Jay-Z','2000-02-26',55.0,'3:41','Anything','wk3',2000
777,'Jay-Z','2000-04-22',39.0,'3:55',"""Big Pimpin'""",'wk3',2000
778,'Jay-Z','2000-01-15',65.0,'3:47','Do It Again','wk3',2000
779,'Jay-Z','2000-08-12',98.0,'3:40','Hey Papi','wk3',2000
780,'Jay-Z','2000-10-28',35.0,'3:50','I Just Wanna Love U','wk3',2000
781,"'Jean, Wyclef'",'2000-10-07',64.0,'4:00','911','wk3',2000
782,'Joe','2000-01-01',69.0,'4:57','I Wanna Know','wk3',2000
783,'Joe','2000-08-05',63.0,'4:12','Treat Her Like A Lad...','wk3',2000
784,"'John, Elton'",'2000-04-22',49.0,'4:41','Someday Out Of The B...','wk3',2000
785,"'Jones, Donell'",'2000-04-22',65.0,'6:22','Where I Wanna Be','wk3',2000
786,"'Jordan, Montell'",'1999-10-23',72.0,'4:34','Get It On.. Tonite','wk3',2000
787,'J-Shin','1999-12-25',69.0,'4:34','One Night Stand','wk3',2000
788,'Juvenile','2000-02-05',100.0,'3:51','U Understand','wk3',2000
789,'Kandi','2000-08-05',66.0,'3:50',"""Don't Think I'm Not""",'wk3',2000
790,"'Keith, Toby'",'2000-08-05',75.0,'3:39','Country Comes To Tow...','wk3',2000
791,"'Keith, Toby'",'2000-01-29',59.0,'3:29','How Do You Like Me N...','wk3',2000
792,'Kelis','1999-12-04',67.0,'4:09','Caught Out There','wk3',2000
793,'Kenny G','1999-12-25',7.0,'7:50','Auld Lang Syne','wk3',2000
794,'Kid Rock','2000-02-19',46.0,'5:27','Only God Knows Why','wk3',2000
795,"'Kravitz, Lenny'",'2000-03-25',71.0,'4:17','I Belong To You','wk3',2000
796,'Kumbia Kings','2000-03-04',62.0,'3:50',"""U Don't Love Me""",'wk3',2000
797,"'Larrieux, Amel'",'2000-03-04',97.0,'4:02','Get Up','wk3',2000
798,"'Lawrence, Tracy'",'2000-01-29',61.0,'2:55','Lessons Learned','wk3',2000
799,"'Levert, Gerald'",'2000-08-19',92.0,'4:10','Baby U Are','wk3',2000
800,"'Levert, Gerald'",'2000-03-18',83.0,'4:06','Mr. Too Damn Good','wk3',2000
801,'LFO','2000-04-15',68.0,'5:00',"""I Don't Wanna Kiss Y...""",'wk3',2000
802,'LFO','2000-08-05',88.0,'3:27','West Side Story','wk3',2000
803,'Lil Bow Wow','2000-08-19',24.0,'3:22','Bounce With Me','wk3',2000
804,"""Lil' Kim""",'2000-11-25',77.0,'3:50','How Many Licks?','wk3',2000
805,"""Lil' Kim""",'2000-07-15',67.0,'4:12','No Matter What They ...','wk3',2000
806,"""Lil' Mo""",'2000-08-12',97.0,'4:17','Ta Da','wk3',2000
807,'Lil Wayne','1999-12-04',92.0,'4:13','Tha Block Is Hot','wk3',2000
808,"""Lil' Zane""",'2000-07-29',57.0,'3:43',"""Callin' Me""",'wk3',2000
809,'Limp Bizkit','1999-12-04',85.0,'3:55','N 2 Gether Now','wk3',2000
810,'Limp Bizkit','1999-12-04',90.0,'4:08','Re-Arranged','wk3',2000
811,'Limp Bizkit','2000-11-11',72.0,'4:04',"""Rollin'""",'wk3',2000
812,'LL Cool J','2000-08-12',nan,'4:00','Imagine That','wk3',2000
813,'Lonestar','1999-06-05',44.0,'4:25','Amazed','wk3',2000
814,'Lonestar','1999-12-18',80.0,'3:33','Smile','wk3',2000
815,'Lonestar','2000-06-10',66.0,'3:30','What About Now','wk3',2000
816,"'Lopez, Jennifer'",'2000-02-19',66.0,'4:28',"""Feelin' Good""",'wk3',2000
817,"'Loveless, Patty'",'2000-09-16',93.0,'3:27',"""That's The Kind Of M...""",'wk3',2000
818,'Lox','2000-03-18',80.0,'3:56',"'Ryde or Die, Chick'",'wk3',2000
819,'Lucy Pearl','2000-05-20',63.0,'3:45','Dance Tonight','wk3',2000
820,'Ludacris','2000-09-30',63.0,'4:16',"""What's Your Fantasy""",'wk3',2000
821,'M2M','1999-11-20',62.0,'3:41',"""Don't Say You Love M...""",'wk3',2000
822,'M2M','2000-04-01',94.0,'3:19','Mirror Mirror','wk3',2000
823,'Madison Avenue','2000-07-08',93.0,'3:44',"""Don't Call Me Baby""",'wk3',2000
824,'Madonna','2000-02-19',29.0,'4:30','American Pie','wk3',2000
825,'Madonna','2000-08-12',18.0,'3:45','Music','wk3',2000
826,"'Martin, Ricky'",'2000-03-11',71.0,'4:02','Private Emotion','wk3',2000
827,"'Martin, Ricky'",'1999-11-20',52.0,'3:08','Shake Your Bon-Bon','wk3',2000
828,"'Martin, Ricky'",'2000-10-07',21.0,'4:02','She Bangs','wk3',2000
829,'Mary Mary','2000-03-25',72.0,'3:12','Shackles','wk3',2000
830,'Master P','2000-11-18',nan,'3:33','Souljas','wk3',2000
831,'matchbox twenty','2000-04-29',29.0,'4:12','Bent','wk3',2000
832,"'McBride, Martina'",'2000-02-05',65.0,'5:13',"""Love's The Only Hous...""",'wk3',2000
833,"'McBride, Martina'",'2000-09-09',75.0,'3:26','There You Are','wk3',2000
834,"'McEntire, Reba'",'2000-05-13',79.0,'4:23',"""I'll Be""",'wk3',2000
835,"'McEntire, Reba'",'1999-10-30',71.0,'3:26','What Do You Say','wk3',2000
836,"'McGraw, Tim'",'1999-11-27',71.0,'4:33','My Best Friend','wk3',2000
837,"'McGraw, Tim'",'2000-10-21',56.0,'3:37','My Next Thirty Years','wk3',2000
838,"'McGraw, Tim'",'2000-05-13',66.0,'3:56','Some Things Never Ch...','wk3',2000
839,"'McKnight, Brian'",'2000-02-26',82.0,'4:32','Stay Or Let It Go','wk3',2000
840,"'Messina, Jo Dee'",'2000-01-29',71.0,'3:50','Because You Love Me','wk3',2000
841,"'Messina, Jo Dee'",'2000-06-24',63.0,'3:17',"""That's The Way""",'wk3',2000
842,'Metallica','2000-05-13',88.0,'4:26','I Disappear','wk3',2000
843,'Metallica','2000-02-12',78.0,'5:43','No Leaf Clover','wk3',2000
844,'Montgomery Gentry','2000-03-04',81.0,'4:18',"""Daddy Won't Sell The...""",'wk3',2000
845,"'Montgomery, John Michael'",'2000-09-09',64.0,'3:52','The Little Girl','wk3',2000
846,"'Moore, Chante'",'2000-10-28',97.0,'3:40','Straight Up','wk3',2000
847,"'Moore, Mandy'",'2000-06-17',54.0,'4:12','I Wanna Be With You','wk3',2000
848,"'Mumba, Samantha'",'2000-09-09',65.0,'3:19','Gotta Tell You','wk3',2000
849,'Musiq','2000-10-14',65.0,'4:02','Just Friends','wk3',2000
850,'Mya','2000-08-19',52.0,'3:50','Case Of The Ex','wk3',2000
851,'Mya','2000-04-15',65.0,'4:12','The Best Of Me','wk3',2000
852,'Mystikal','2000-08-12',65.0,'4:46','Shake Ya Ass','wk3',2000
853,'Nas','2000-03-25',68.0,'3:51','You Owe Me','wk3',2000
854,'Nelly','2000-04-29',96.0,'4:17','(Hot S**t) Country G...','wk3',2000
855,'Next','2000-05-27',46.0,'4:03','Wifey','wk3',2000
856,'Nine Days','2000-05-06',59.0,'3:09','Absolutely','wk3',2000
857,'Nine Days','2000-12-02',81.0,'4:18','If I Am','wk3',2000
858,'No Doubt','2000-07-01',39.0,'4:11','Simple Kind Of Life','wk3',2000
859,"""N'Sync""",'2000-01-29',19.0,'3:15','Bye Bye Bye','wk3',2000
860,"""N'Sync""",'2000-05-06',51.0,'3:10',"""It's Gonna Be Me""",'wk3',2000
861,"""N'Sync""",'2000-09-30',19.0,'4:23','This I Promise You','wk3',2000
862,'Nu Flavor','2000-06-03',89.0,'3:54','3 Little Words','wk3',2000
863,"'Offspring, The'",'2000-11-25',70.0,'3:42','Original Prankster','wk3',2000
864,"'Paisley, Brad'",'2000-05-13',90.0,'3:19','Me Neither','wk3',2000
865,"'Paisley, Brad'",'2000-10-14',52.0,'3:45','We Danced','wk3',2000
866,'Papa Roach','2000-07-29',69.0,'3:19','Last Resort','wk3',2000
867,'Pearl Jam','2000-05-13',84.0,'5:20','Nothing As It Seems','wk3',2000
868,'Pink','2000-08-12',52.0,'4:06','Most Girls','wk3',2000
869,'Pink','2000-03-04',12.0,'3:23','There U Go','wk3',2000
870,"'Price, Kelly'",'2000-07-15',69.0,'6:20','As We Lay','wk3',2000
871,"'Price, Kelly'",'2000-05-13',98.0,'3:46','Love Sets You Free','wk3',2000
872,"'Price, Kelly'",'2000-09-23',91.0,'3:12',"""You Should've Told M...""",'wk3',2000
873,'Profyle','2000-09-16',25.0,'3:57','Liar','wk3',2000
874,'Puff Daddy','2000-02-12',62.0,'5:33','Best Friend','wk3',2000
875,'Q-Tip','2000-01-22',81.0,'4:06','Breathe And Stop','wk3',2000
876,'Rascal Flatts','2000-05-06',72.0,'3:36',"""Prayin' For Daylight""",'wk3',2000
877,"'Raye, Collin'",'2000-03-18',75.0,'3:40',"""Couldn't Last A Mome...""",'wk3',2000
878,'Red Hot Chili Peppers','2000-07-29',72.0,'5:21','Californication','wk3',2000
879,'Red Hot Chili Peppers','2000-02-12',65.0,'4:13','Otherside','wk3',2000
880,'R.E.M.','1999-12-25',70.0,'4:10','The Great Beyond','wk3',2000
881,"'Rimes, LeAnn'",'1999-10-16',51.0,'3:03','Big Deal','wk3',2000
882,"'Rimes, LeAnn'",'2000-09-09',79.0,'3:33',"""Can't Fight The Moon...""",'wk3',2000
883,"'Rimes, LeAnn'",'2000-05-27',67.0,'3:42','I Need You','wk3',2000
884,"'Rogers, Kenny'",'2000-03-11',65.0,'3:46','Buy Me A Rose','wk3',2000
885,'Ruff Endz','2000-07-01',19.0,'3:56','No More','wk3',2000
886,'Sammie','2000-01-29',58.0,'4:09','I Like It','wk3',2000
887,'Santana','2000-02-12',6.0,'4:18',"'Maria, Maria'",'wk3',2000
888,'Savage Garden','2000-04-08',51.0,'4:41','Crash And Burn','wk3',2000
889,'Savage Garden','1999-10-23',43.0,'4:07','I Knew I Loved You','wk3',2000
890,'SheDaisy','1999-12-25',nan,'3:46','Deck The Halls','wk3',2000
891,'SheDaisy','2000-07-15',70.0,'3:40','I Will.. But','wk3',2000
892,'SheDaisy','2000-02-05',70.0,'3:20','This Woman Needs','wk3',2000
893,"'Sheist, Shade'",'2000-11-11',99.0,'4:16','Where I Wanna Be','wk3',2000
894,'Shyne','2000-09-09',90.0,'4:22','Bad Boyz','wk3',2000
895,"'Simpson, Jessica'",'2000-07-01',44.0,'3:32',"""I Think I'm In Love ...""",'wk3',2000
896,"'Simpson, Jessica'",'2000-04-01',62.0,'3:51','Where You Are','wk3',2000
897,'Sisqo','1999-11-20',73.0,'3:52','Got To Get It','wk3',2000
898,'Sisqo','2000-06-24',61.0,'3:52','Incomplete','wk3',2000
899,'Sisqo','2000-01-29',35.0,'4:05','Thong Song','wk3',2000
900,'Sister Hazel','2000-07-15',66.0,'4:02','Change Your Mind','wk3',2000
901,'Smash Mouth','1999-10-30',56.0,'3:04','Then The Morning Com...','wk3',2000
902,"'Smith, Will'",'2000-02-12',99.0,'3:58',"""Freakin' It""",'wk3',2000
903,'Son By Four','2000-04-08',80.0,'3:30','A Puro Dolor','wk3',2000
904,'Sonique','2000-01-22',30.0,'3:48','It Feels So Good','wk3',2000
905,'SoulDecision','2000-07-08',81.0,'3:25','Faded','wk3',2000
906,"'Spears, Britney'",'2000-01-29',52.0,'4:30','From The Bottom Of M...','wk3',2000
907,"'Spears, Britney'",'2000-08-12',28.0,'3:23','Lucky','wk3',2000
908,"'Spears, Britney'",'2000-04-22',26.0,'3:30','Oops!.. I Did It Aga...','wk3',2000
909,"'Spencer, Tracie'",'2000-03-04',98.0,'4:11','Still In My Heart','wk3',2000
910,'Splender','2000-06-10',62.0,'3:55','I Think God Can Expl...','wk3',2000
911,'Sting','2000-05-13',72.0,'3:52','Desert Rose','wk3',2000
912,"'Stone, Angie'",'1999-12-25',74.0,'4:42','No More Rain','wk3',2000
913,'Stone Temple Pilots','2000-07-08',79.0,'4:16','Sour Girl','wk3',2000
914,"'Strait, George'",'2000-08-26',63.0,'3:48','Go On','wk3',2000
915,"'Strait, George'",'2000-01-29',54.0,'3:24','The Best Day','wk3',2000
916,'Sugar Ray','2000-01-15',54.0,'4:15','Falls Apart','wk3',2000
917,'Tamar','2000-03-25',92.0,'4:02',"""If You Don't Wanna L...""",'wk3',2000
918,'Tamia','2000-09-16',84.0,'3:38',"""Can't Go For That""",'wk3',2000
919,'Third Eye Blind','2000-09-02',70.0,'4:10','Deep Inside Of You','wk3',2000
920,'Third Eye Blind','2000-01-22',25.0,'3:57','Never Let You Go','wk3',2000
921,"'Thomas, Carl'",'2000-11-25',61.0,'4:31','Emotional','wk3',2000
922,"'Thomas, Carl'",'2000-03-25',48.0,'3:50','I Wish','wk3',2000
923,"'Thomas, Carl'",'2000-09-23',86.0,'4:57','Summer Rain','wk3',2000
924,"'Tippin, Aaron'",'2000-08-26',66.0,'2:53','Kiss This','wk3',2000
925,'TLC','2000-02-12',52.0,'4:36','Dear Lie','wk3',2000
926,'Train','1999-10-09',59.0,'3:55','Meet Virginia','wk3',2000
927,'Trick Daddy','2000-05-20',87.0,'4:17','Shut Up','wk3',2000
928,'Trina','2000-09-09',96.0,'2:58','Pull Over','wk3',2000
929,"'Tritt, Travis'",'2000-08-19',79.0,'4:15','Best Of Intentions','wk3',2000
930,'Tuesday','2000-12-30',nan,'4:06','I Know','wk3',2000
931,"'Urban, Keith'",'2000-07-15',73.0,'4:10','Your Everything','wk3',2000
932,'Usher','2000-11-04',60.0,'3:36','Pop Ya Collar','wk3',2000
933,"'Vassar, Phil'",'2000-03-04',64.0,'4:07','Carlene','wk3',2000
934,"'Vassar, Phil'",'2000-09-30',76.0,'3:54','Just Another Day In ...','wk3',2000
935,'Vertical Horizon','2000-01-22',53.0,'4:01','Everything You Want','wk3',2000
936,'Vertical Horizon','2000-08-26',43.0,'3:45',"""You're A God""",'wk3',2000
937,'Vitamin C','2000-04-15',54.0,'4:23','Graduation','wk3',2000
938,'Vitamin C','2000-12-02',45.0,'3:30','The Itch','wk3',2000
939,"'Walker, Clay'",'1999-12-04',94.0,'4:06',"'Live, Laugh, Love'",'wk3',2000
940,"'Walker, Clay'",'2000-04-15',57.0,'5:03','The Chain Of Love','wk3',2000
941,"'Wallflowers, The'",'2000-10-28',74.0,'3:29','Sleepwalker','wk3',2000
942,'Westlife','2000-04-01',66.0,'4:07','Swear It Again','wk3',2000
943,"'Williams, Robbie'",'1999-11-20',69.0,'3:56','Angels','wk3',2000
944,"'Wills, Mark'",'2000-01-15',51.0,'4:00','Back At One','wk3',2000
945,"'Worley, Darryl'",'2000-06-17',93.0,'3:35','When You Need My Lov...','wk3',2000
946,"'Wright, Chely'",'2000-03-04',75.0,'3:51','It Was','wk3',2000
947,'Yankee Grey','2000-04-29',77.0,'3:10','Another Nine Minutes','wk3',2000
948,"'Yearwood, Trisha'",'2000-04-01',83.0,'3:55','Real Live Woman','wk3',2000
949,'Ying Yang Twins','2000-03-18',91.0,'4:19','Whistle While You Tw...','wk3',2000
950,'Zombie Nation','2000-09-02',nan,'3:30','Kernkraft 400','wk3',2000
951,'2Ge+her','2000-09-02',nan,'3:15','The Hardest Part Of ...','wk4',2000
952,'2 Pac','2000-02-26',77.0,'4:22',"""Baby Don't Cry""",'wk4',2000
953,'3 Doors Down','2000-04-08',67.0,'3:53','Kryptonite','wk4',2000
954,'3 Doors Down','2000-10-21',69.0,'4:24','Loser','wk4',2000
955,'504 Boyz','2000-04-15',17.0,'3:35','Wobble Wobble','wk4',2000
956,'98?','2000-08-19',26.0,'3:24','Give Me Just One Nig...','wk4',2000
957,'Aaliyah','2000-01-29',41.0,'4:15',"""I Don't Wanna""",'wk4',2000
958,'Aaliyah','2000-03-18',28.0,'4:03','Try Again','wk4',2000
959,"'Adams, Yolanda'",'2000-08-26',69.0,'5:30','Open My Heart','wk4',2000
960,"'Adkins, Trace'",'2000-04-29',73.0,'3:05','More','wk4',2000
961,"'Aguilera, Christina'",'2000-08-05',29.0,'3:38','Come On Over Baby','wk4',2000
962,"'Aguilera, Christina'",'2000-04-15',28.0,'4:00','I Turn To You','wk4',2000
963,"'Aguilera, Christina'",'1999-11-27',18.0,'3:18','What A Girl Wants','wk4',2000
964,'Alice Deejay','2000-04-08',48.0,'6:50','Better Off Alone','wk4',2000
965,"'Allan, Gary'",'2000-01-22',77.0,'4:18','Smoke Rings In The D...','wk4',2000
966,'Amber','1999-07-17',96.0,'4:38','Sexual','wk4',2000
967,'Anastacia','2000-04-01',95.0,'4:01',"""I'm Outta Love""",'wk4',2000
968,"'Anthony, Marc'",'2000-09-16',70.0,'3:59','My Baby You','wk4',2000
969,"'Anthony, Marc'",'2000-02-26',43.0,'3:50','You Sang To Me','wk4',2000
970,'A*Teens','2000-07-08',95.0,'3:44','Dancing Queen','wk4',2000
971,'Avant','2000-11-04',43.0,'4:28','My First Love','wk4',2000
972,'Avant','2000-04-29',23.0,'4:13','Separated','wk4',2000
973,"'Backstreet Boys, The'",'2000-10-14',15.0,'3:49','Shape Of My Heart','wk4',2000
974,"'Backstreet Boys, The'",'2000-01-01',25.0,'3:54','Show Me The Meaning ...','wk4',2000
975,"'Backstreet Boys, The'",'2000-05-27',37.0,'3:46','The One','wk4',2000
976,"'Badu, Erkyah'",'2000-08-19',41.0,'5:03','Bag Lady','wk4',2000
977,'Baha Men','2000-07-22',76.0,'3:17','Who Let The Dogs Out','wk4',2000
978,'Barenaked Ladies','2000-09-09',45.0,'3:46','Pinch Me','wk4',2000
979,'BBMak','2000-04-29',52.0,'3:35','Back Here','wk4',2000
980,'Beenie Man','2000-10-21',56.0,'4:17','Girls Dem Sugar','wk4',2000
981,'Before Dark','2000-05-20',80.0,'4:04','Monica','wk4',2000
982,"'Bega, Lou'",'2000-01-29',nan,'3:23','Tricky Tricky ','wk4',2000
983,'Big Punisher','2000-04-22',79.0,'3:25',"""It's So Hard""",'wk4',2000
984,"'Black, Clint'",'2000-02-19',58.0,'5:28','Been There','wk4',2000
985,'Black Rob','2000-03-04',52.0,'4:04','Whoa!','wk4',2000
986,'Blaque','1999-10-23',42.0,'3:46','Bring It All To Me','wk4',2000
987,"'Blige, Mary J.'",'1999-11-13',75.0,'5:26','Deep Inside','wk4',2000
988,"'Blige, Mary J.'",'2000-04-15',76.0,'5:00','Give Me You','wk4',2000
989,'Blink-182','1999-12-04',59.0,'2:52','All The Small Things','wk4',2000
990,'Bloodhound Gang','2000-03-18',55.0,'4:20','The Bad Touch','wk4',2000
991,'Bon Jovi','2000-08-12',51.0,'3:44',"""It's My Life""",'wk4',2000
992,"'Braxton, Toni'",'2000-03-18',39.0,'4:21',"""He Wasn't Man Enough""",'wk4',2000
993,"'Braxton, Toni'",'2000-07-29',42.0,'4:10','Just Be A Man About ...','wk4',2000
994,"'Braxton, Toni'",'2000-12-02',nan,'4:24','Spanish Guitar','wk4',2000
995,"'Brock, Chad'",'2000-01-01',nan,'3:54','A Country Boy Can Su...','wk4',2000
996,"'Brock, Chad'",'2000-04-08',61.0,'3:22','Yes!','wk4',2000
997,'Brooks & Dunn','2000-06-10',85.0,'2:58',"""You'll Always Be Lov...""",'wk4',2000
998,"'Brooks, Garth'",'2000-02-19',70.0,'2:56','Do What You Gotta Do','wk4',2000
999,"'Byrd, Tracy'",'2000-01-29',76.0,'4:30','Put Your Hand In Min...','wk4',2000
